,recuerdo,tiempo,juego,subj,session_o
0,0,1,1,0,normal
1,0,1,2,0,normal
2,0,1,22,0,normal
3,0,1,23,0,normal
4,0,1,3,0,normal
5,1,1,4,0,normal
6,1,1,5,0,normal
7,1,1,6,0,normal
8,0,1,7,0,normal
9,1,1,8,0,normal
10,0,1,0,0,normal
11,0,1,9,0,normal
12,0,2,1,0,normal
13,0,2,2,0,normal
14,0,2,22,0,normal
15,0,2,23,0,normal
16,0,2,3,0,normal
17,1,2,4,0,normal
18,1,2,5,0,normal
19,0,2,6,0,normal
20,0,2,7,0,normal
21,1,2,8,0,normal
22,0,2,0,0,normal
23,0,2,9,0,normal
24,0,3,1,0,normal
25,0,3,2,0,normal
26,0,3,22,0,normal
27,0,3,23,0,normal
28,0,3,3,0,normal
29,0,3,4,0,normal
30,1,3,5,0,normal
31,0,3,6,0,normal
32,0,3,7,0,normal
33,1,3,8,0,normal
34,0,3,0,0,normal
35,0,3,9,0,normal
36,0,4,1,0,normal
37,0,4,2,0,normal
38,0,4,22,0,normal
39,0,4,23,0,normal
40,0,4,3,0,normal
41,0,4,4,0,normal
42,0,4,5,0,normal
43,0,4,6,0,normal
44,0,4,7,0,normal
45,1,4,8,0,normal
46,1,4,0,0,normal
47,1,4,9,0,normal
48,0,1,1,1,normal
49,1,1,2,1,normal
50,0,1,22,1,normal
51,0,1,23,1,normal
52,1,1,3,1,normal
53,0,1,4,1,normal
54,1,1,5,1,normal
55,1,1,6,1,normal
56,0,1,7,1,normal
57,1,1,8,1,normal
58,1,1,0,1,normal
59,0,1,9,1,normal
60,0,2,1,1,normal
61,0,2,2,1,normal
62,0,2,22,1,normal
63,0,2,23,1,normal
64,0,2,3,1,normal
65,0,2,4,1,normal
66,1,2,5,1,normal
67,1,2,6,1,normal
68,0,2,7,1,normal
69,1,2,8,1,normal
70,0,2,0,1,normal
71,0,2,9,1,normal
72,0,3,1,1,normal
73,0,3,2,1,normal
74,0,3,22,1,normal
75,0,3,23,1,normal
76,0,3,3,1,normal
77,0,3,4,1,normal
78,1,3,5,1,normal
79,0,3,6,1,normal
80,0,3,7,1,normal
81,1,3,8,1,normal
82,0,3,0,1,normal
83,0,3,9,1,normal
84,0,4,1,1,normal
85,0,4,2,1,normal
86,0,4,22,1,normal
87,0,4,23,1,normal
88,0,4,3,1,normal
89,0,4,4,1,normal
90,0,4,5,1,normal
91,0,4,6,1,normal
92,0,4,7,1,normal
93,1,4,8,1,normal
94,1,4,0,1,normal
95,1,4,9,1,normal
96,0,1,1,2,normal
97,0,1,2,2,normal
98,0,1,22,2,normal
99,0,1,23,2,normal
100,0,1,3,2,normal
101,0,1,4,2,normal
102,1,1,5,2,normal
103,1,1,6,2,normal
104,0,1,7,2,normal
105,1,1,8,2,normal
106,0,1,0,2,normal
107,0,1,9,2,normal
108,1,1,1,3,normal
109,0,1,2,3,normal
110,0,1,22,3,normal
111,0,1,23,3,normal
112,1,1,3,3,normal
113,0,1,4,3,normal
114,1,1,5,3,normal
115,1,1,6,3,normal
116,1,1,7,3,normal
117,1,1,8,3,normal
118,0,1,0,3,normal
119,0,1,9,3,normal
120,1,1,1,4,normal
121,0,1,2,4,normal
122,1,1,22,4,normal
123,0,1,23,4,normal
124,1,1,3,4,normal
125,1,1,4,4,normal
126,1,1,5,4,normal
127,1,1,6,4,normal
128,1,1,7,4,normal
129,1,1,8,4,normal
130,0,1,0,4,normal
131,0,1,9,4,normal
132,1,1,1,5,normal
133,0,1,2,5,normal
134,0,1,22,5,normal
135,0,1,23,5,normal
136,1,1,3,5,normal
137,1,1,4,5,normal
138,1,1,5,5,normal
139,1,1,6,5,normal
140,1,1,7,5,normal
141,1,1,8,5,normal
142,0,1,0,5,normal
143,0,1,9,5,normal
144,0,1,1,6,normal
145,1,1,2,6,normal
146,0,1,22,6,normal
147,0,1,23,6,normal
148,0,1,3,6,normal
149,1,1,4,6,normal
150,1,1,5,6,normal
151,1,1,6,6,normal
152,1,1,7,6,normal
153,1,1,8,6,normal
154,0,1,0,6,normal
155,1,1,9,6,normal
156,0,2,1,6,normal
157,1,2,2,6,normal
158,0,2,22,6,normal
159,0,2,23,6,normal
160,0,2,3,6,normal
161,0,2,4,6,normal
162,1,2,5,6,normal
163,1,2,6,6,normal
164,1,2,7,6,normal
165,1,2,8,6,normal
166,0,2,0,6,normal
167,1,2,9,6,normal
168,0,3,1,6,normal
169,1,3,2,6,normal
170,0,3,22,6,normal
171,0,3,23,6,normal
172,0,3,3,6,normal
173,0,3,4,6,normal
174,1,3,5,6,normal
175,0,3,6,6,normal
176,1,3,7,6,normal
177,1,3,8,6,normal
178,0,3,0,6,normal
179,0,3,9,6,normal
180,0,1,1,7,normal
181,0,1,2,7,normal
182,0,1,22,7,normal
183,0,1,23,7,normal
184,1,1,3,7,normal
185,0,1,4,7,normal
186,1,1,5,7,normal
187,1,1,6,7,normal
188,0,1,7,7,normal
189,1,1,8,7,normal
190,0,1,0,7,normal
191,0,1,9,7,normal
192,0,2,1,7,normal
193,0,2,2,7,normal
194,0,2,22,7,normal
195,0,2,23,7,normal
196,0,2,3,7,normal
197,1,2,4,7,normal
198,1,2,5,7,normal
199,1,2,6,7,normal
200,0,2,7,7,normal
201,0,2,8,7,normal
202,0,2,0,7,normal
203,0,2,9,7,normal
204,0,3,1,7,normal
205,0,3,2,7,normal
206,0,3,22,7,normal
207,0,3,23,7,normal
208,0,3,3,7,normal
209,0,3,4,7,normal
210,1,3,5,7,normal
211,1,3,6,7,normal
212,0,3,7,7,normal
213,0,3,8,7,normal
214,0,3,0,7,normal
215,1,3,9,7,normal
216,0,4,1,7,normal
217,0,4,2,7,normal
218,0,4,22,7,normal
219,0,4,23,7,normal
220,0,4,3,7,normal
221,0,4,4,7,normal
222,1,4,5,7,normal
223,1,4,6,7,normal
224,0,4,7,7,normal
225,0,4,8,7,normal
226,0,4,0,7,normal
227,1,4,9,7,normal
228,1,1,1,8,normal
229,1,1,2,8,normal
230,0,1,22,8,normal
231,0,1,23,8,normal
232,1,1,3,8,normal
233,0,1,4,8,normal
234,1,1,5,8,normal
235,0,1,6,8,normal
236,1,1,7,8,normal
237,1,1,8,8,normal
238,0,1,0,8,normal
239,1,1,9,8,normal
240,1,2,1,8,normal
241,1,2,2,8,normal
242,0,2,22,8,normal
243,0,2,23,8,normal
244,0,2,3,8,normal
245,1,2,4,8,normal
246,1,2,5,8,normal
247,0,2,6,8,normal
248,1,2,7,8,normal
249,1,2,8,8,normal
250,0,2,0,8,normal
251,1,2,9,8,normal
252,0,1,1,9,normal
253,0,1,2,9,normal
254,0,1,22,9,normal
255,0,1,23,9,normal
256,0,1,3,9,normal
257,1,1,4,9,normal
258,1,1,5,9,normal
259,1,1,6,9,normal
260,1,1,7,9,normal
261,1,1,8,9,normal
262,0,1,0,9,normal
263,0,1,9,9,normal
264,0,2,1,9,normal
265,1,2,2,9,normal
266,0,2,22,9,normal
267,0,2,23,9,normal
268,0,2,3,9,normal
269,1,2,4,9,normal
270,1,2,5,9,normal
271,1,2,6,9,normal
272,1,2,7,9,normal
273,1,2,8,9,normal
274,0,2,0,9,normal
275,0,2,9,9,normal
276,0,3,1,9,normal
277,0,3,2,9,normal
278,0,3,22,9,normal
279,0,3,23,9,normal
280,0,3,3,9,normal
281,1,3,4,9,normal
282,1,3,5,9,normal
283,1,3,6,9,normal
284,1,3,7,9,normal
285,1,3,8,9,normal
286,0,3,0,9,normal
287,0,3,9,9,normal
288,0,1,1,10,normal
289,1,1,2,10,normal
290,0,1,22,10,normal
291,0,1,23,10,normal
292,0,1,3,10,normal
293,1,1,4,10,normal
294,1,1,5,10,normal
295,1,1,6,10,normal
296,1,1,7,10,normal
297,1,1,8,10,normal
298,0,1,0,10,normal
299,0,1,9,10,normal
300,0,2,1,10,normal
301,0,2,2,10,normal
302,0,2,22,10,normal
303,0,2,23,10,normal
304,0,2,3,10,normal
305,1,2,4,10,normal
306,1,2,5,10,normal
307,1,2,6,10,normal
308,1,2,7,10,normal
309,0,2,8,10,normal
310,0,2,0,10,normal
311,0,2,9,10,normal
312,0,1,1,11,normal
313,0,1,2,11,normal
314,0,1,22,11,normal
315,0,1,23,11,normal
316,1,1,3,11,normal
317,1,1,4,11,normal
318,1,1,5,11,normal
319,0,1,6,11,normal
320,0,1,7,11,normal
321,1,1,8,11,normal
322,0,1,0,11,normal
323,0,1,9,11,normal
324,0,2,1,11,normal
325,0,2,2,11,normal
326,0,2,22,11,normal
327,0,2,23,11,normal
328,0,2,3,11,normal
329,1,2,4,11,normal
330,0,2,5,11,normal
331,0,2,6,11,normal
332,0,2,7,11,normal
333,0,2,8,11,normal
334,1,2,0,11,normal
335,1,2,9,11,normal
336,0,3,1,11,normal
337,0,3,2,11,normal
338,0,3,22,11,normal
339,0,3,23,11,normal
340,0,3,3,11,normal
341,1,3,4,11,normal
342,0,3,5,11,normal
343,0,3,6,11,normal
344,0,3,7,11,normal
345,0,3,8,11,normal
346,1,3,0,11,normal
347,0,3,9,11,normal
348,0,4,1,11,normal
349,0,4,2,11,normal
350,0,4,22,11,normal
351,0,4,23,11,normal
352,1,4,3,11,normal
353,0,4,4,11,normal
354,0,4,5,11,normal
355,0,4,6,11,normal
356,0,4,7,11,normal
357,0,4,8,11,normal
358,0,4,0,11,normal
359,0,4,9,11,normal
360,1,1,1,12,normal
361,1,1,2,12,normal
362,0,1,22,12,normal
363,0,1,23,12,normal
364,1,1,3,12,normal
365,1,1,4,12,normal
366,1,1,5,12,normal
367,1,1,6,12,normal
368,1,1,7,12,normal
369,0,1,8,12,normal
370,0,1,0,12,normal
371,0,1,9,12,normal
372,1,2,1,12,normal
373,0,2,2,12,normal
374,0,2,22,12,normal
375,0,2,23,12,normal
376,0,2,3,12,normal
377,0,2,4,12,normal
378,1,2,5,12,normal
379,1,2,6,12,normal
380,1,2,7,12,normal
381,0,2,8,12,normal
382,0,2,0,12,normal
383,1,2,9,12,normal
384,0,1,1,13,normal
385,0,1,2,13,normal
386,0,1,22,13,normal
387,0,1,23,13,normal
388,0,1,3,13,normal
389,1,1,4,13,normal
390,1,1,5,13,normal
391,0,1,6,13,normal
392,0,1,7,13,normal
393,1,1,8,13,normal
394,1,1,0,13,normal
395,0,1,9,13,normal
396,0,3,1,13,normal
397,0,3,2,13,normal
398,0,3,22,13,normal
399,0,3,23,13,normal
400,0,3,3,13,normal
401,1,3,4,13,normal
402,1,3,5,13,normal
403,0,3,6,13,normal
404,0,3,7,13,normal
405,0,3,8,13,normal
406,0,3,0,13,normal
407,0,3,9,13,normal
408,0,4,1,13,normal
409,0,4,2,13,normal
410,0,4,22,13,normal
411,0,4,23,13,normal
412,1,4,3,13,normal
413,0,4,4,13,normal
414,0,4,5,13,normal
415,0,4,6,13,normal
416,0,4,7,13,normal
417,0,4,8,13,normal
418,0,4,0,13,normal
419,0,4,9,13,normal
420,0,1,1,14,normal
421,0,1,2,14,normal
422,0,1,22,14,normal
423,0,1,23,14,normal
424,1,1,3,14,normal
425,1,1,4,14,normal
426,1,1,5,14,normal
427,1,1,6,14,normal
428,0,1,7,14,normal
429,1,1,8,14,normal
430,0,1,0,14,normal
431,0,1,9,14,normal
432,0,2,1,14,normal
433,0,2,2,14,normal
434,0,2,22,14,normal
435,0,2,23,14,normal
436,1,2,3,14,normal
437,0,2,4,14,normal
438,1,2,5,14,normal
439,1,2,6,14,normal
440,0,2,7,14,normal
441,1,2,8,14,normal
442,0,2,0,14,normal
443,0,2,9,14,normal
444,0,3,1,14,normal
445,1,3,2,14,normal
446,0,3,22,14,normal
447,0,3,23,14,normal
448,1,3,3,14,normal
449,0,3,4,14,normal
450,1,3,5,14,normal
451,1,3,6,14,normal
452,0,3,7,14,normal
453,1,3,8,14,normal
454,0,3,0,14,normal
455,0,3,9,14,normal
456,0,4,1,14,normal
457,0,4,2,14,normal
458,0,4,22,14,normal
459,0,4,23,14,normal
460,1,4,3,14,normal
461,0,4,4,14,normal
462,1,4,5,14,normal
463,1,4,6,14,normal
464,0,4,7,14,normal
465,1,4,8,14,normal
466,0,4,0,14,normal
467,0,4,9,14,normal
468,0,1,1,15,normal
469,1,1,2,15,normal
470,0,1,22,15,normal
471,0,1,23,15,normal
472,1,1,3,15,normal
473,1,1,4,15,normal
474,1,1,5,15,normal
475,1,1,6,15,normal
476,0,1,7,15,normal
477,1,1,8,15,normal
478,0,1,0,15,normal
479,0,1,9,15,normal
480,0,2,1,15,normal
481,1,2,2,15,normal
482,0,2,22,15,normal
483,0,2,23,15,normal
484,1,2,3,15,normal
485,0,2,4,15,normal
486,1,2,5,15,normal
487,1,2,6,15,normal
488,0,2,7,15,normal
489,1,2,8,15,normal
490,0,2,0,15,normal
491,0,2,9,15,normal
492,0,3,1,15,normal
493,0,3,2,15,normal
494,0,3,22,15,normal
495,0,3,23,15,normal
496,0,3,3,15,normal
497,0,3,4,15,normal
498,1,3,5,15,normal
499,0,3,6,15,normal
500,0,3,7,15,normal
501,0,3,8,15,normal
502,0,3,0,15,normal
503,0,3,9,15,normal
504,0,4,1,15,normal
505,1,4,2,15,normal
506,0,4,22,15,normal
507,0,4,23,15,normal
508,0,4,3,15,normal
509,0,4,4,15,normal
510,1,4,5,15,normal
511,0,4,6,15,normal
512,0,4,7,15,normal
513,0,4,8,15,normal
514,0,4,0,15,normal
515,0,4,9,15,normal
516,0,1,1,16,normal
517,1,1,2,16,normal
518,1,1,22,16,normal
519,0,1,23,16,normal
520,1,1,3,16,normal
521,1,1,4,16,normal
522,1,1,5,16,normal
523,1,1,6,16,normal
524,1,1,7,16,normal
525,1,1,8,16,normal
526,0,1,0,16,normal
527,0,1,9,16,normal
528,0,2,1,16,normal
529,1,2,2,16,normal
530,1,2,22,16,normal
531,0,2,23,16,normal
532,0,2,3,16,normal
533,1,2,4,16,normal
534,1,2,5,16,normal
535,1,2,6,16,normal
536,1,2,7,16,normal
537,1,2,8,16,normal
538,0,2,0,16,normal
539,0,2,9,16,normal
540,1,3,1,16,normal
541,0,3,2,16,normal
542,0,3,22,16,normal
543,0,3,23,16,normal
544,0,3,3,16,normal
545,0,3,4,16,normal
546,0,3,5,16,normal
547,0,3,6,16,normal
548,0,3,7,16,normal
549,0,3,8,16,normal
550,0,3,0,16,normal
551,0,3,9,16,normal
552,0,4,1,16,normal
553,0,4,2,16,normal
554,1,4,22,16,normal
555,0,4,23,16,normal
556,0,4,3,16,normal
557,0,4,4,16,normal
558,1,4,5,16,normal
559,1,4,6,16,normal
560,1,4,7,16,normal
561,1,4,8,16,normal
562,0,4,0,16,normal
563,0,4,9,16,normal
564,0,1,1,17,normal
565,0,1,2,17,normal
566,0,1,22,17,normal
567,0,1,23,17,normal
568,0,1,3,17,normal
569,1,1,4,17,normal
570,1,1,5,17,normal
571,1,1,6,17,normal
572,1,1,7,17,normal
573,1,1,8,17,normal
574,0,1,0,17,normal
575,0,1,9,17,normal
576,1,2,1,17,normal
577,1,2,2,17,normal
578,0,2,22,17,normal
579,0,2,23,17,normal
580,1,2,3,17,normal
581,0,2,4,17,normal
582,1,2,5,17,normal
583,1,2,6,17,normal
584,1,2,7,17,normal
585,1,2,8,17,normal
586,0,2,0,17,normal
587,0,2,9,17,normal
588,0,3,1,17,normal
589,1,3,2,17,normal
590,0,3,22,17,normal
591,0,3,23,17,normal
592,0,3,3,17,normal
593,0,3,4,17,normal
594,1,3,5,17,normal
595,1,3,6,17,normal
596,1,3,7,17,normal
597,1,3,8,17,normal
598,0,3,0,17,normal
599,1,3,9,17,normal
600,1,4,1,17,normal
601,0,4,2,17,normal
602,0,4,22,17,normal
603,0,4,23,17,normal
604,0,4,3,17,normal
605,0,4,4,17,normal
606,1,4,5,17,normal
607,1,4,6,17,normal
608,0,4,7,17,normal
609,0,4,8,17,normal
610,0,4,0,17,normal
611,0,4,9,17,normal
612,0,1,1,18,normal
613,1,1,2,18,normal
614,0,1,22,18,normal
615,0,1,23,18,normal
616,1,1,3,18,normal
617,0,1,4,18,normal
618,1,1,5,18,normal
619,1,1,6,18,normal
620,0,1,7,18,normal
621,1,1,8,18,normal
622,0,1,0,18,normal
623,0,1,9,18,normal
624,0,2,1,18,normal
625,0,2,2,18,normal
626,1,2,22,18,normal
627,0,2,23,18,normal
628,1,2,3,18,normal
629,1,2,4,18,normal
630,0,2,5,18,normal
631,0,2,6,18,normal
632,1,2,7,18,normal
633,1,2,8,18,normal
634,0,2,0,18,normal
635,0,2,9,18,normal
636,0,3,1,18,normal
637,0,3,2,18,normal
638,1,3,22,18,normal
639,0,3,23,18,normal
640,0,3,3,18,normal
641,0,3,4,18,normal
642,1,3,5,18,normal
643,0,3,6,18,normal
644,1,3,7,18,normal
645,1,3,8,18,normal
646,0,3,0,18,normal
647,1,3,9,18,normal
648,0,4,1,18,normal
649,0,4,2,18,normal
650,1,4,22,18,normal
651,0,4,23,18,normal
652,0,4,3,18,normal
653,0,4,4,18,normal
654,1,4,5,18,normal
655,0,4,6,18,normal
656,1,4,7,18,normal
657,1,4,8,18,normal
658,0,4,0,18,normal
659,1,4,9,18,normal
660,0,1,1,19,normal
661,0,1,2,19,normal
662,0,1,22,19,normal
663,0,1,23,19,normal
664,0,1,3,19,normal
665,0,1,4,19,normal
666,1,1,5,19,normal
667,0,1,6,19,normal
668,1,1,7,19,normal
669,1,1,8,19,normal
670,0,1,0,19,normal
671,0,1,9,19,normal
672,0,2,1,19,normal
673,0,2,2,19,normal
674,0,2,22,19,normal
675,0,2,23,19,normal
676,0,2,3,19,normal
677,0,2,4,19,normal
678,1,2,5,19,normal
679,1,2,6,19,normal
680,1,2,7,19,normal
681,1,2,8,19,normal
682,0,2,0,19,normal
683,0,2,9,19,normal
684,0,3,1,19,normal
685,0,3,2,19,normal
686,0,3,22,19,normal
687,0,3,23,19,normal
688,0,3,3,19,normal
689,0,3,4,19,normal
690,1,3,5,19,normal
691,0,3,6,19,normal
692,1,3,7,19,normal
693,1,3,8,19,normal
694,0,3,0,19,normal
695,1,3,9,19,normal
696,0,1,1,20,normal
697,1,1,2,20,normal
698,1,1,22,20,normal
699,0,1,23,20,normal
700,0,1,3,20,normal
701,1,1,4,20,normal
702,1,1,5,20,normal
703,0,1,6,20,normal
704,1,1,7,20,normal
705,1,1,8,20,normal
706,0,1,0,20,normal
707,0,1,9,20,normal
708,0,2,1,20,normal
709,0,2,2,20,normal
710,1,2,22,20,normal
711,0,2,23,20,normal
712,0,2,3,20,normal
713,1,2,4,20,normal
714,1,2,5,20,normal
715,1,2,6,20,normal
716,1,2,7,20,normal
717,1,2,8,20,normal
718,0,2,0,20,normal
719,0,2,9,20,normal
720,0,3,1,20,normal
721,0,3,2,20,normal
722,0,3,22,20,normal
723,0,3,23,20,normal
724,0,3,3,20,normal
725,1,3,4,20,normal
726,1,3,5,20,normal
727,1,3,6,20,normal
728,1,3,7,20,normal
729,1,3,8,20,normal
730,0,3,0,20,normal
731,0,3,9,20,normal
732,0,4,1,20,normal
733,0,4,2,20,normal
734,0,4,22,20,normal
735,0,4,23,20,normal
736,0,4,3,20,normal
737,1,4,4,20,normal
738,1,4,5,20,normal
739,1,4,6,20,normal
740,1,4,7,20,normal
741,1,4,8,20,normal
742,0,4,0,20,normal
743,0,4,9,20,normal
744,0,1,1,21,normal
745,0,1,2,21,normal
746,0,1,22,21,normal
747,0,1,23,21,normal
748,0,1,3,21,normal
749,0,1,4,21,normal
750,0,1,5,21,normal
751,0,1,6,21,normal
752,1,1,7,21,normal
753,1,1,8,21,normal
754,1,1,0,21,normal
755,0,1,9,21,normal
756,1,1,1,22,normal
757,1,1,2,22,normal
758,1,1,22,22,normal
759,0,1,23,22,normal
760,1,1,3,22,normal
761,0,1,4,22,normal
762,1,1,5,22,normal
763,1,1,6,22,normal
764,1,1,7,22,normal
765,1,1,8,22,normal
766,0,1,0,22,normal
767,0,1,9,22,normal
768,1,2,1,22,normal
769,1,2,2,22,normal
770,1,2,22,22,normal
771,0,2,23,22,normal
772,1,2,3,22,normal
773,1,2,4,22,normal
774,1,2,5,22,normal
775,0,2,6,22,normal
776,1,2,7,22,normal
777,1,2,8,22,normal
778,0,2,0,22,normal
779,0,2,9,22,normal
780,0,4,1,22,normal
781,0,4,2,22,normal
782,1,4,22,22,normal
783,0,4,23,22,normal
784,0,4,3,22,normal
785,0,4,4,22,normal
786,0,4,5,22,normal
787,0,4,6,22,normal
788,0,4,7,22,normal
789,1,4,8,22,normal
790,1,4,0,22,normal
791,0,4,9,22,normal
792,1,1,1,23,normal
793,0,1,2,23,normal
794,0,1,22,23,normal
795,0,1,23,23,normal
796,1,1,3,23,normal
797,1,1,4,23,normal
798,1,1,5,23,normal
799,0,1,6,23,normal
800,1,1,7,23,normal
801,1,1,8,23,normal
802,0,1,0,23,normal
803,0,1,9,23,normal
804,0,1,1,24,normal
805,1,1,2,24,normal
806,0,1,22,24,normal
807,0,1,23,24,normal
808,0,1,3,24,normal
809,1,1,4,24,normal
810,1,1,5,24,normal
811,1,1,6,24,normal
812,1,1,7,24,normal
813,1,1,8,24,normal
814,0,1,0,24,normal
815,0,1,9,24,normal
816,1,1,1,25,normal
817,0,1,2,25,normal
818,0,1,22,25,normal
819,0,1,23,25,normal
820,1,1,3,25,normal
821,1,1,4,25,normal
822,1,1,5,25,normal
823,1,1,6,25,normal
824,1,1,7,25,normal
825,1,1,8,25,normal
826,0,1,0,25,normal
827,0,1,9,25,normal
828,1,2,1,25,normal
829,0,2,2,25,normal
830,0,2,22,25,normal
831,0,2,23,25,normal
832,1,2,3,25,normal
833,1,2,4,25,normal
834,1,2,5,25,normal
835,1,2,6,25,normal
836,1,2,7,25,normal
837,0,2,8,25,normal
838,0,2,0,25,normal
839,0,2,9,25,normal
840,0,3,1,25,normal
841,0,3,2,25,normal
842,0,3,22,25,normal
843,0,3,23,25,normal
844,0,3,3,25,normal
845,1,3,4,25,normal
846,1,3,5,25,normal
847,1,3,6,25,normal
848,1,3,7,25,normal
849,1,3,8,25,normal
850,0,3,0,25,normal
851,0,3,9,25,normal
852,0,4,1,25,normal
853,0,4,2,25,normal
854,0,4,22,25,normal
855,0,4,23,25,normal
856,1,4,3,25,normal
857,0,4,4,25,normal
858,1,4,5,25,normal
859,1,4,6,25,normal
860,1,4,7,25,normal
861,1,4,8,25,normal
862,0,4,0,25,normal
863,0,4,9,25,normal
864,0,1,1,26,normal
865,1,1,2,26,normal
866,0,1,22,26,normal
867,0,1,23,26,normal
868,0,1,3,26,normal
869,0,1,4,26,normal
870,1,1,5,26,normal
871,1,1,6,26,normal
872,0,1,7,26,normal
873,1,1,8,26,normal
874,0,1,0,26,normal
875,0,1,9,26,normal
876,1,2,1,26,normal
877,0,2,2,26,normal
878,0,2,22,26,normal
879,0,2,23,26,normal
880,0,2,3,26,normal
881,0,2,4,26,normal
882,1,2,5,26,normal
883,1,2,6,26,normal
884,0,2,7,26,normal
885,0,2,8,26,normal
886,0,2,0,26,normal
887,1,2,9,26,normal
888,0,3,1,26,normal
889,0,3,2,26,normal
890,0,3,22,26,normal
891,0,3,23,26,normal
892,0,3,3,26,normal
893,0,3,4,26,normal
894,1,3,5,26,normal
895,1,3,6,26,normal
896,0,3,7,26,normal
897,1,3,8,26,normal
898,0,3,0,26,normal
899,0,3,9,26,normal
900,0,1,1,27,normal
901,1,1,2,27,normal
902,1,1,22,27,normal
903,0,1,23,27,normal
904,1,1,3,27,normal
905,0,1,4,27,normal
906,1,1,5,27,normal
907,0,1,6,27,normal
908,1,1,7,27,normal
909,1,1,8,27,normal
910,0,1,0,27,normal
911,0,1,9,27,normal
912,0,2,1,27,normal
913,1,2,2,27,normal
914,0,2,22,27,normal
915,0,2,23,27,normal
916,1,2,3,27,normal
917,0,2,4,27,normal
918,1,2,5,27,normal
919,1,2,6,27,normal
920,1,2,7,27,normal
921,1,2,8,27,normal
922,0,2,0,27,normal
923,0,2,9,27,normal
924,0,3,1,27,normal
925,1,3,2,27,normal
926,1,3,22,27,normal
927,0,3,23,27,normal
928,1,3,3,27,normal
929,0,3,4,27,normal
930,1,3,5,27,normal
931,1,3,6,27,normal
932,1,3,7,27,normal
933,1,3,8,27,normal
934,0,3,0,27,normal
935,0,3,9,27,normal
936,0,1,1,28,normal
937,0,1,2,28,normal
938,0,1,22,28,normal
939,0,1,23,28,normal
940,1,1,3,28,normal
941,0,1,4,28,normal
942,1,1,5,28,normal
943,1,1,6,28,normal
944,1,1,7,28,normal
945,1,1,8,28,normal
946,0,1,0,28,normal
947,1,1,9,28,normal
948,0,1,1,29,normal
949,1,1,2,29,normal
950,0,1,22,29,normal
951,0,1,23,29,normal
952,0,1,3,29,normal
953,1,1,4,29,normal
954,1,1,5,29,normal
955,1,1,6,29,normal
956,1,1,7,29,normal
957,1,1,8,29,normal
958,0,1,0,29,normal
959,0,1,9,29,normal
960,0,2,1,29,normal
961,0,2,2,29,normal
962,0,2,22,29,normal
963,0,2,23,29,normal
964,0,2,3,29,normal
965,0,2,4,29,normal
966,1,2,5,29,normal
967,1,2,6,29,normal
968,0,2,7,29,normal
969,1,2,8,29,normal
970,0,2,0,29,normal
971,0,2,9,29,normal
972,0,3,1,29,normal
973,0,3,2,29,normal
974,0,3,22,29,normal
975,0,3,23,29,normal
976,0,3,3,29,normal
977,0,3,4,29,normal
978,1,3,5,29,normal
979,1,3,6,29,normal
980,0,3,7,29,normal
981,1,3,8,29,normal
982,0,3,0,29,normal
983,0,3,9,29,normal
984,0,4,1,29,normal
985,0,4,2,29,normal
986,0,4,22,29,normal
987,0,4,23,29,normal
988,0,4,3,29,normal
989,0,4,4,29,normal
990,1,4,5,29,normal
991,0,4,6,29,normal
992,0,4,7,29,normal
993,1,4,8,29,normal
994,0,4,0,29,normal
995,0,4,9,29,normal
996,0,1,1,30,normal
997,0,1,2,30,normal
998,0,1,22,30,normal
999,0,1,23,30,normal
1000,0,1,3,30,normal
1001,0,1,4,30,normal
1002,1,1,5,30,normal
1003,0,1,6,30,normal
1004,1,1,7,30,normal
1005,1,1,8,30,normal
1006,0,1,0,30,normal
1007,0,1,9,30,normal
1008,0,2,1,30,normal
1009,0,2,2,30,normal
1010,0,2,22,30,normal
1011,0,2,23,30,normal
1012,0,2,3,30,normal
1013,0,2,4,30,normal
1014,1,2,5,30,normal
1015,0,2,6,30,normal
1016,1,2,7,30,normal
1017,1,2,8,30,normal
1018,0,2,0,30,normal
1019,0,2,9,30,normal
1020,0,3,1,30,normal
1021,0,3,2,30,normal
1022,0,3,22,30,normal
1023,0,3,23,30,normal
1024,0,3,3,30,normal
1025,0,3,4,30,normal
1026,1,3,5,30,normal
1027,0,3,6,30,normal
1028,1,3,7,30,normal
1029,1,3,8,30,normal
1030,0,3,0,30,normal
1031,0,3,9,30,normal
1032,0,4,1,30,normal
1033,0,4,2,30,normal
1034,0,4,22,30,normal
1035,0,4,23,30,normal
1036,0,4,3,30,normal
1037,0,4,4,30,normal
1038,1,4,5,30,normal
1039,0,4,6,30,normal
1040,1,4,7,30,normal
1041,1,4,8,30,normal
1042,0,4,0,30,normal
1043,0,4,9,30,normal
1044,0,1,1,31,normal
1045,0,1,2,31,normal
1046,0,1,22,31,normal
1047,0,1,23,31,normal
1048,1,1,3,31,normal
1049,1,1,4,31,normal
1050,1,1,5,31,normal
1051,1,1,6,31,normal
1052,1,1,7,31,normal
1053,0,1,8,31,normal
1054,0,1,0,31,normal
1055,0,1,9,31,normal
1056,1,2,1,31,normal
1057,0,2,2,31,normal
1058,0,2,22,31,normal
1059,0,2,23,31,normal
1060,1,2,3,31,normal
1061,1,2,4,31,normal
1062,1,2,5,31,normal
1063,1,2,6,31,normal
1064,1,2,7,31,normal
1065,0,2,8,31,normal
1066,0,2,0,31,normal
1067,0,2,9,31,normal
1068,1,3,1,31,normal
1069,0,3,2,31,normal
1070,0,3,22,31,normal
1071,0,3,23,31,normal
1072,0,3,3,31,normal
1073,0,3,4,31,normal
1074,1,3,5,31,normal
1075,1,3,6,31,normal
1076,1,3,7,31,normal
1077,0,3,8,31,normal
1078,0,3,0,31,normal
1079,0,3,9,31,normal
1080,0,4,1,31,normal
1081,0,4,2,31,normal
1082,0,4,22,31,normal
1083,0,4,23,31,normal
1084,1,4,3,31,normal
1085,0,4,4,31,normal
1086,1,4,5,31,normal
1087,0,4,6,31,normal
1088,1,4,7,31,normal
1089,0,4,8,31,normal
1090,0,4,0,31,normal
1091,1,4,9,31,normal
1092,1,1,1,32,normal
1093,0,1,2,32,normal
1094,0,1,22,32,normal
1095,0,1,23,32,normal
1096,0,1,3,32,normal
1097,1,1,4,32,normal
1098,1,1,5,32,normal
1099,1,1,6,32,normal
1100,1,1,7,32,normal
1101,1,1,8,32,normal
1102,0,1,0,32,normal
1103,0,1,9,32,normal
1104,1,2,1,32,normal
1105,0,2,2,32,normal
1106,0,2,22,32,normal
1107,0,2,23,32,normal
1108,1,2,3,32,normal
1109,1,2,4,32,normal
1110,0,2,5,32,normal
1111,1,2,6,32,normal
1112,1,2,7,32,normal
1113,1,2,8,32,normal
1114,0,2,0,32,normal
1115,0,2,9,32,normal
1116,1,3,1,32,normal
1117,0,3,2,32,normal
1118,0,3,22,32,normal
1119,0,3,23,32,normal
1120,1,3,3,32,normal
1121,1,3,4,32,normal
1122,1,3,5,32,normal
1123,1,3,6,32,normal
1124,1,3,7,32,normal
1125,1,3,8,32,normal
1126,0,3,0,32,normal
1127,0,3,9,32,normal
1128,0,4,1,32,normal
1129,0,4,2,32,normal
1130,0,4,22,32,normal
1131,0,4,23,32,normal
1132,1,4,3,32,normal
1133,1,4,4,32,normal
1134,1,4,5,32,normal
1135,0,4,6,32,normal
1136,1,4,7,32,normal
1137,1,4,8,32,normal
1138,0,4,0,32,normal
1139,1,4,9,32,normal
1140,0,1,1,33,normal
1141,1,1,2,33,normal
1142,0,1,22,33,normal
1143,0,1,23,33,normal
1144,0,1,3,33,normal
1145,0,1,4,33,normal
1146,1,1,5,33,normal
1147,1,1,6,33,normal
1148,1,1,7,33,normal
1149,0,1,8,33,normal
1150,0,1,0,33,normal
1151,0,1,9,33,normal
1152,0,2,1,33,normal
1153,1,2,2,33,normal
1154,0,2,22,33,normal
1155,0,2,23,33,normal
1156,0,2,3,33,normal
1157,0,2,4,33,normal
1158,1,2,5,33,normal
1159,1,2,6,33,normal
1160,1,2,7,33,normal
1161,0,2,8,33,normal
1162,0,2,0,33,normal
1163,1,2,9,33,normal
1164,0,3,1,33,normal
1165,0,3,2,33,normal
1166,0,3,22,33,normal
1167,0,3,23,33,normal
1168,0,3,3,33,normal
1169,0,3,4,33,normal
1170,1,3,5,33,normal
1171,1,3,6,33,normal
1172,1,3,7,33,normal
1173,0,3,8,33,normal
1174,0,3,0,33,normal
1175,0,3,9,33,normal
1176,1,4,1,33,normal
1177,0,4,2,33,normal
1178,0,4,22,33,normal
1179,0,4,23,33,normal
1180,0,4,3,33,normal
1181,1,4,4,33,normal
1182,1,4,5,33,normal
1183,0,4,6,33,normal
1184,1,4,7,33,normal
1185,0,4,8,33,normal
1186,0,4,0,33,normal
1187,1,4,9,33,normal
1188,0,1,1,34,normal
1189,0,1,2,34,normal
1190,0,1,22,34,normal
1191,0,1,23,34,normal
1192,1,1,3,34,normal
1193,0,1,4,34,normal
1194,1,1,5,34,normal
1195,1,1,6,34,normal
1196,1,1,7,34,normal
1197,1,1,8,34,normal
1198,0,1,0,34,normal
1199,0,1,9,34,normal
1200,0,2,1,34,normal
1201,0,2,2,34,normal
1202,0,2,22,34,normal
1203,0,2,23,34,normal
1204,1,2,3,34,normal
1205,0,2,4,34,normal
1206,1,2,5,34,normal
1207,1,2,6,34,normal
1208,0,2,7,34,normal
1209,1,2,8,34,normal
1210,0,2,0,34,normal
1211,1,2,9,34,normal
1212,1,3,1,34,normal
1213,0,3,2,34,normal
1214,0,3,22,34,normal
1215,0,3,23,34,normal
1216,0,3,3,34,normal
1217,0,3,4,34,normal
1218,1,3,5,34,normal
1219,0,3,6,34,normal
1220,0,3,7,34,normal
1221,1,3,8,34,normal
1222,0,3,0,34,normal
1223,1,3,9,34,normal
1224,0,1,1,35,normal
1225,1,1,2,35,normal
1226,0,1,22,35,normal
1227,0,1,23,35,normal
1228,0,1,3,35,normal
1229,1,1,4,35,normal
1230,1,1,5,35,normal
1231,1,1,6,35,normal
1232,0,1,7,35,normal
1233,0,1,8,35,normal
1234,0,1,0,35,normal
1235,0,1,9,35,normal
1236,1,1,1,36,normal
1237,1,1,2,36,normal
1238,0,1,22,36,normal
1239,0,1,23,36,normal
1240,1,1,3,36,normal
1241,0,1,4,36,normal
1242,1,1,5,36,normal
1243,1,1,6,36,normal
1244,1,1,7,36,normal
1245,1,1,8,36,normal
1246,0,1,0,36,normal
1247,0,1,9,36,normal
1248,1,2,1,36,normal
1249,1,2,2,36,normal
1250,1,2,22,36,normal
1251,0,2,23,36,normal
1252,1,2,3,36,normal
1253,1,2,4,36,normal
1254,1,2,5,36,normal
1255,1,2,6,36,normal
1256,1,2,7,36,normal
1257,1,2,8,36,normal
1258,0,2,0,36,normal
1259,0,2,9,36,normal
1260,1,3,1,36,normal
1261,1,3,2,36,normal
1262,1,3,22,36,normal
1263,0,3,23,36,normal
1264,1,3,3,36,normal
1265,1,3,4,36,normal
1266,1,3,5,36,normal
1267,1,3,6,36,normal
1268,1,3,7,36,normal
1269,1,3,8,36,normal
1270,0,3,0,36,normal
1271,0,3,9,36,normal
1272,1,4,1,36,normal
1273,1,4,2,36,normal
1274,0,4,22,36,normal
1275,0,4,23,36,normal
1276,1,4,3,36,normal
1277,0,4,4,36,normal
1278,0,4,5,36,normal
1279,1,4,6,36,normal
1280,1,4,7,36,normal
1281,0,4,8,36,normal
1282,0,4,0,36,normal
1283,0,4,9,36,normal
1284,0,1,1,37,normal
1285,1,1,2,37,normal
1286,1,1,22,37,normal
1287,0,1,23,37,normal
1288,1,1,3,37,normal
1289,1,1,4,37,normal
1290,1,1,5,37,normal
1291,1,1,6,37,normal
1292,1,1,7,37,normal
1293,1,1,8,37,normal
1294,0,1,0,37,normal
1295,0,1,9,37,normal
1296,0,1,1,38,revés
1297,0,1,2,38,revés
1298,0,1,22,38,revés
1299,0,1,23,38,revés
1300,1,1,3,38,revés
1301,0,1,4,38,revés
1302,1,1,5,38,revés
1303,1,1,6,38,revés
1304,0,1,7,38,revés
1305,1,1,8,38,revés
1306,0,1,0,38,revés
1307,0,1,9,38,revés
1308,0,3,1,38,revés
1309,0,3,2,38,revés
1310,0,3,22,38,revés
1311,0,3,23,38,revés
1312,0,3,3,38,revés
1313,0,3,4,38,revés
1314,1,3,5,38,revés
1315,1,3,6,38,revés
1316,0,3,7,38,revés
1317,0,3,8,38,revés
1318,0,3,0,38,revés
1319,0,3,9,38,revés
1320,1,1,1,39,revés
1321,1,1,2,39,revés
1322,1,1,22,39,revés
1323,0,1,23,39,revés
1324,1,1,3,39,revés
1325,1,1,4,39,revés
1326,1,1,5,39,revés
1327,1,1,6,39,revés
1328,1,1,7,39,revés
1329,0,1,8,39,revés
1330,0,1,0,39,revés
1331,0,1,9,39,revés
1332,1,2,1,39,revés
1333,0,2,2,39,revés
1334,0,2,22,39,revés
1335,0,2,23,39,revés
1336,1,2,3,39,revés
1337,0,2,4,39,revés
1338,1,2,5,39,revés
1339,1,2,6,39,revés
1340,0,2,7,39,revés
1341,1,2,8,39,revés
1342,0,2,0,39,revés
1343,0,2,9,39,revés
1344,0,3,1,39,revés
1345,0,3,2,39,revés
1346,0,3,22,39,revés
1347,0,3,23,39,revés
1348,1,3,3,39,revés
1349,0,3,4,39,revés
1350,0,3,5,39,revés
1351,1,3,6,39,revés
1352,0,3,7,39,revés
1353,1,3,8,39,revés
1354,0,3,0,39,revés
1355,1,3,9,39,revés
1356,0,4,1,39,revés
1357,0,4,2,39,revés
1358,0,4,22,39,revés
1359,0,4,23,39,revés
1360,0,4,3,39,revés
1361,0,4,4,39,revés
1362,1,4,5,39,revés
1363,1,4,6,39,revés
1364,0,4,7,39,revés
1365,1,4,8,39,revés
1366,0,4,0,39,revés
1367,1,4,9,39,revés
1368,0,1,1,40,revés
1369,0,1,2,40,revés
1370,0,1,22,40,revés
1371,0,1,23,40,revés
1372,1,1,3,40,revés
1373,1,1,4,40,revés
1374,1,1,5,40,revés
1375,0,1,6,40,revés
1376,1,1,7,40,revés
1377,1,1,8,40,revés
1378,0,1,0,40,revés
1379,0,1,9,40,revés
1380,0,2,1,40,revés
1381,0,2,2,40,revés
1382,1,2,22,40,revés
1383,0,2,23,40,revés
1384,1,2,3,40,revés
1385,1,2,4,40,revés
1386,1,2,5,40,revés
1387,1,2,6,40,revés
1388,1,2,7,40,revés
1389,1,2,8,40,revés
1390,0,2,0,40,revés
1391,0,2,9,40,revés
1392,0,3,1,40,revés
1393,0,3,2,40,revés
1394,0,3,22,40,revés
1395,0,3,23,40,revés
1396,0,3,3,40,revés
1397,1,3,4,40,revés
1398,1,3,5,40,revés
1399,1,3,6,40,revés
1400,1,3,7,40,revés
1401,1,3,8,40,revés
1402,0,3,0,40,revés
1403,0,3,9,40,revés
1404,0,4,1,40,revés
1405,0,4,2,40,revés
1406,0,4,22,40,revés
1407,0,4,23,40,revés
1408,0,4,3,40,revés
1409,0,4,4,40,revés
1410,1,4,5,40,revés
1411,0,4,6,40,revés
1412,1,4,7,40,revés
1413,0,4,8,40,revés
1414,1,4,0,40,revés
1415,1,4,9,40,revés
1416,1,1,1,41,revés
1417,0,1,2,41,revés
1418,0,1,22,41,revés
1419,0,1,23,41,revés
1420,0,1,3,41,revés
1421,1,1,4,41,revés
1422,0,1,5,41,revés
1423,1,1,6,41,revés
1424,0,1,7,41,revés
1425,0,1,8,41,revés
1426,1,1,0,41,revés
1427,0,1,9,41,revés
1428,0,2,1,41,revés
1429,0,2,2,41,revés
1430,0,2,22,41,revés
1431,0,2,23,41,revés
1432,1,2,3,41,revés
1433,1,2,4,41,revés
1434,1,2,5,41,revés
1435,1,2,6,41,revés
1436,0,2,7,41,revés
1437,0,2,8,41,revés
1438,0,2,0,41,revés
1439,0,2,9,41,revés
1440,1,3,1,41,revés
1441,0,3,2,41,revés
1442,0,3,22,41,revés
1443,0,3,23,41,revés
1444,0,3,3,41,revés
1445,0,3,4,41,revés
1446,1,3,5,41,revés
1447,1,3,6,41,revés
1448,0,3,7,41,revés
1449,0,3,8,41,revés
1450,0,3,0,41,revés
1451,0,3,9,41,revés
1452,1,4,1,41,revés
1453,0,4,2,41,revés
1454,0,4,22,41,revés
1455,0,4,23,41,revés
1456,0,4,3,41,revés
1457,0,4,4,41,revés
1458,1,4,5,41,revés
1459,0,4,6,41,revés
1460,0,4,7,41,revés
1461,0,4,8,41,revés
1462,0,4,0,41,revés
1463,1,4,9,41,revés
1464,0,1,1,42,revés
1465,1,1,2,42,revés
1466,0,1,22,42,revés
1467,0,1,23,42,revés
1468,1,1,3,42,revés
1469,0,1,4,42,revés
1470,1,1,5,42,revés
1471,1,1,6,42,revés
1472,0,1,7,42,revés
1473,1,1,8,42,revés
1474,0,1,0,42,revés
1475,0,1,9,42,revés
1476,0,2,1,42,revés
1477,0,2,2,42,revés
1478,0,2,22,42,revés
1479,0,2,23,42,revés
1480,0,2,3,42,revés
1481,0,2,4,42,revés
1482,1,2,5,42,revés
1483,1,2,6,42,revés
1484,0,2,7,42,revés
1485,1,2,8,42,revés
1486,0,2,0,42,revés
1487,0,2,9,42,revés
1488,1,1,1,43,revés
1489,1,1,2,43,revés
1490,0,1,22,43,revés
1491,0,1,23,43,revés
1492,0,1,3,43,revés
1493,0,1,4,43,revés
1494,1,1,5,43,revés
1495,1,1,6,43,revés
1496,1,1,7,43,revés
1497,1,1,8,43,revés
1498,0,1,0,43,revés
1499,0,1,9,43,revés
1500,1,2,1,43,revés
1501,1,2,2,43,revés
1502,0,2,22,43,revés
1503,0,2,23,43,revés
1504,0,2,3,43,revés
1505,0,2,4,43,revés
1506,1,2,5,43,revés
1507,1,2,6,43,revés
1508,1,2,7,43,revés
1509,1,2,8,43,revés
1510,0,2,0,43,revés
1511,0,2,9,43,revés
1512,1,3,1,43,revés
1513,1,3,2,43,revés
1514,0,3,22,43,revés
1515,0,3,23,43,revés
1516,0,3,3,43,revés
1517,0,3,4,43,revés
1518,1,3,5,43,revés
1519,1,3,6,43,revés
1520,1,3,7,43,revés
1521,1,3,8,43,revés
1522,0,3,0,43,revés
1523,0,3,9,43,revés
1524,1,4,1,43,revés
1525,0,4,2,43,revés
1526,0,4,22,43,revés
1527,0,4,23,43,revés
1528,0,4,3,43,revés
1529,0,4,4,43,revés
1530,1,4,5,43,revés
1531,1,4,6,43,revés
1532,1,4,7,43,revés
1533,0,4,8,43,revés
1534,0,4,0,43,revés
1535,0,4,9,43,revés
1536,1,1,1,44,revés
1537,1,1,2,44,revés
1538,0,1,22,44,revés
1539,0,1,23,44,revés
1540,1,1,3,44,revés
1541,1,1,4,44,revés
1542,1,1,5,44,revés
1543,1,1,6,44,revés
1544,0,1,7,44,revés
1545,0,1,8,44,revés
1546,0,1,0,44,revés
1547,0,1,9,44,revés
1548,0,2,1,44,revés
1549,0,2,2,44,revés
1550,0,2,22,44,revés
1551,0,2,23,44,revés
1552,0,2,3,44,revés
1553,0,2,4,44,revés
1554,0,2,5,44,revés
1555,0,2,6,44,revés
1556,0,2,7,44,revés
1557,0,2,8,44,revés
1558,0,2,0,44,revés
1559,0,2,9,44,revés
1560,1,1,1,45,revés
1561,0,1,2,45,revés
1562,0,1,22,45,revés
1563,0,1,23,45,revés
1564,1,1,3,45,revés
1565,1,1,4,45,revés
1566,1,1,5,45,revés
1567,1,1,6,45,revés
1568,0,1,7,45,revés
1569,1,1,8,45,revés
1570,0,1,0,45,revés
1571,0,1,9,45,revés
1572,0,2,1,45,revés
1573,0,2,2,45,revés
1574,0,2,22,45,revés
1575,0,2,23,45,revés
1576,0,2,3,45,revés
1577,0,2,4,45,revés
1578,0,2,5,45,revés
1579,1,2,6,45,revés
1580,0,2,7,45,revés
1581,0,2,8,45,revés
1582,0,2,0,45,revés
1583,0,2,9,45,revés
1584,0,3,1,45,revés
1585,0,3,2,45,revés
1586,0,3,22,45,revés
1587,0,3,23,45,revés
1588,0,3,3,45,revés
1589,0,3,4,45,revés
1590,0,3,5,45,revés
1591,1,3,6,45,revés
1592,0,3,7,45,revés
1593,0,3,8,45,revés
1594,0,3,0,45,revés
1595,0,3,9,45,revés
1596,0,4,1,45,revés
1597,0,4,2,45,revés
1598,0,4,22,45,revés
1599,0,4,23,45,revés
1600,0,4,3,45,revés
1601,0,4,4,45,revés
1602,0,4,5,45,revés
1603,0,4,6,45,revés
1604,0,4,7,45,revés
1605,0,4,8,45,revés
1606,1,4,0,45,revés
1607,1,4,9,45,revés
1608,1,1,1,46,revés
1609,1,1,2,46,revés
1610,0,1,22,46,revés
1611,0,1,23,46,revés
1612,1,1,3,46,revés
1613,0,1,4,46,revés
1614,1,1,5,46,revés
1615,1,1,6,46,revés
1616,1,1,7,46,revés
1617,1,1,8,46,revés
1618,0,1,0,46,revés
1619,0,1,9,46,revés
1620,1,1,1,47,revés
1621,1,1,2,47,revés
1622,0,1,22,47,revés
1623,0,1,23,47,revés
1624,1,1,3,47,revés
1625,1,1,4,47,revés
1626,1,1,5,47,revés
1627,0,1,6,47,revés
1628,1,1,7,47,revés
1629,1,1,8,47,revés
1630,0,1,0,47,revés
1631,0,1,9,47,revés
1632,1,2,1,47,revés
1633,1,2,2,47,revés
1634,0,2,22,47,revés
1635,0,2,23,47,revés
1636,1,2,3,47,revés
1637,1,2,4,47,revés
1638,1,2,5,47,revés
1639,1,2,6,47,revés
1640,1,2,7,47,revés
1641,1,2,8,47,revés
1642,0,2,0,47,revés
1643,0,2,9,47,revés
1644,1,1,1,48,revés
1645,1,1,2,48,revés
1646,0,1,22,48,revés
1647,0,1,23,48,revés
1648,0,1,3,48,revés
1649,1,1,4,48,revés
1650,1,1,5,48,revés
1651,0,1,6,48,revés
1652,0,1,7,48,revés
1653,0,1,8,48,revés
1654,0,1,0,48,revés
1655,1,1,9,48,revés
1656,0,1,1,49,revés
1657,1,1,2,49,revés
1658,0,1,22,49,revés
1659,0,1,23,49,revés
1660,0,1,3,49,revés
1661,1,1,4,49,revés
1662,1,1,5,49,revés
1663,1,1,6,49,revés
1664,1,1,7,49,revés
1665,0,1,8,49,revés
1666,0,1,0,49,revés
1667,0,1,9,49,revés
1668,0,2,1,49,revés
1669,1,2,2,49,revés
1670,0,2,22,49,revés
1671,0,2,23,49,revés
1672,0,2,3,49,revés
1673,1,2,4,49,revés
1674,1,2,5,49,revés
1675,1,2,6,49,revés
1676,1,2,7,49,revés
1677,1,2,8,49,revés
1678,0,2,0,49,revés
1679,1,2,9,49,revés
1680,1,1,1,50,revés
1681,0,1,2,50,revés
1682,0,1,22,50,revés
1683,0,1,23,50,revés
1684,1,1,3,50,revés
1685,1,1,4,50,revés
1686,1,1,5,50,revés
1687,1,1,6,50,revés
1688,1,1,7,50,revés
1689,0,1,8,50,revés
1690,0,1,0,50,revés
1691,0,1,9,50,revés
1692,0,2,1,50,revés
1693,0,2,2,50,revés
1694,0,2,22,50,revés
1695,0,2,23,50,revés
1696,1,2,3,50,revés
1697,1,2,4,50,revés
1698,1,2,5,50,revés
1699,1,2,6,50,revés
1700,0,2,7,50,revés
1701,1,2,8,50,revés
1702,0,2,0,50,revés
1703,0,2,9,50,revés
1704,0,3,1,50,revés
1705,0,3,2,50,revés
1706,0,3,22,50,revés
1707,0,3,23,50,revés
1708,1,3,3,50,revés
1709,1,3,4,50,revés
1710,1,3,5,50,revés
1711,1,3,6,50,revés
1712,0,3,7,50,revés
1713,1,3,8,50,revés
1714,0,3,0,50,revés
1715,0,3,9,50,revés
1716,0,4,1,50,revés
1717,0,4,2,50,revés
1718,0,4,22,50,revés
1719,0,4,23,50,revés
1720,1,4,3,50,revés
1721,0,4,4,50,revés
1722,1,4,5,50,revés
1723,1,4,6,50,revés
1724,0,4,7,50,revés
1725,1,4,8,50,revés
1726,0,4,0,50,revés
1727,0,4,9,50,revés
1728,0,1,1,51,revés
1729,0,1,2,51,revés
1730,0,1,22,51,revés
1731,0,1,23,51,revés
1732,1,1,3,51,revés
1733,1,1,4,51,revés
1734,1,1,5,51,revés
1735,0,1,6,51,revés
1736,1,1,7,51,revés
1737,0,1,8,51,revés
1738,0,1,0,51,revés
1739,0,1,9,51,revés
1740,0,2,1,51,revés
1741,0,2,2,51,revés
1742,0,2,22,51,revés
1743,0,2,23,51,revés
1744,0,2,3,51,revés
1745,0,2,4,51,revés
1746,1,2,5,51,revés
1747,0,2,6,51,revés
1748,0,2,7,51,revés
1749,0,2,8,51,revés
1750,0,2,0,51,revés
1751,0,2,9,51,revés
1752,0,4,1,51,revés
1753,0,4,2,51,revés
1754,0,4,22,51,revés
1755,0,4,23,51,revés
1756,0,4,3,51,revés
1757,0,4,4,51,revés
1758,1,4,5,51,revés
1759,0,4,6,51,revés
1760,0,4,7,51,revés
1761,0,4,8,51,revés
1762,0,4,0,51,revés
1763,0,4,9,51,revés
1764,0,1,1,52,revés
1765,1,1,2,52,revés
1766,0,1,22,52,revés
1767,0,1,23,52,revés
1768,0,1,3,52,revés
1769,0,1,4,52,revés
1770,1,1,5,52,revés
1771,0,1,6,52,revés
1772,0,1,7,52,revés
1773,0,1,8,52,revés
1774,0,1,0,52,revés
1775,0,1,9,52,revés
1776,1,1,1,53,revés
1777,0,1,2,53,revés
1778,0,1,22,53,revés
1779,0,1,23,53,revés
1780,1,1,3,53,revés
1781,1,1,4,53,revés
1782,1,1,5,53,revés
1783,1,1,6,53,revés
1784,0,1,7,53,revés
1785,1,1,8,53,revés
1786,0,1,0,53,revés
1787,0,1,9,53,revés
1788,0,2,1,53,revés
1789,0,2,2,53,revés
1790,0,2,22,53,revés
1791,0,2,23,53,revés
1792,0,2,3,53,revés
1793,1,2,4,53,revés
1794,1,2,5,53,revés
1795,1,2,6,53,revés
1796,0,2,7,53,revés
1797,1,2,8,53,revés
1798,0,2,0,53,revés
1799,0,2,9,53,revés
1800,0,3,1,53,revés
1801,0,3,2,53,revés
1802,0,3,22,53,revés
1803,0,3,23,53,revés
1804,0,3,3,53,revés
1805,1,3,4,53,revés
1806,1,3,5,53,revés
1807,1,3,6,53,revés
1808,0,3,7,53,revés
1809,1,3,8,53,revés
1810,0,3,0,53,revés
1811,0,3,9,53,revés
1812,0,4,1,53,revés
1813,0,4,2,53,revés
1814,0,4,22,53,revés
1815,0,4,23,53,revés
1816,0,4,3,53,revés
1817,0,4,4,53,revés
1818,1,4,5,53,revés
1819,1,4,6,53,revés
1820,0,4,7,53,revés
1821,0,4,8,53,revés
1822,0,4,0,53,revés
1823,1,4,9,53,revés
1824,0,1,1,54,revés
1825,0,1,2,54,revés
1826,0,1,22,54,revés
1827,0,1,23,54,revés
1828,0,1,3,54,revés
1829,0,1,4,54,revés
1830,0,1,5,54,revés
1831,0,1,6,54,revés
1832,1,1,7,54,revés
1833,0,1,8,54,revés
1834,0,1,0,54,revés
1835,0,1,9,54,revés
1836,0,2,1,54,revés
1837,0,2,2,54,revés
1838,0,2,22,54,revés
1839,0,2,23,54,revés
1840,0,2,3,54,revés
1841,0,2,4,54,revés
1842,1,2,5,54,revés
1843,1,2,6,54,revés
1844,1,2,7,54,revés
1845,0,2,8,54,revés
1846,0,2,0,54,revés
1847,0,2,9,54,revés
1848,0,3,1,54,revés
1849,0,3,2,54,revés
1850,0,3,22,54,revés
1851,0,3,23,54,revés
1852,0,3,3,54,revés
1853,0,3,4,54,revés
1854,0,3,5,54,revés
1855,0,3,6,54,revés
1856,0,3,7,54,revés
1857,0,3,8,54,revés
1858,1,3,0,54,revés
1859,1,3,9,54,revés
1860,1,1,1,55,revés
1861,1,1,2,55,revés
1862,0,1,22,55,revés
1863,0,1,23,55,revés
1864,1,1,3,55,revés
1865,0,1,4,55,revés
1866,1,1,5,55,revés
1867,1,1,6,55,revés
1868,1,1,7,55,revés
1869,1,1,8,55,revés
1870,0,1,0,55,revés
1871,0,1,9,55,revés
1872,0,2,1,55,revés
1873,1,2,2,55,revés
1874,0,2,22,55,revés
1875,0,2,23,55,revés
1876,1,2,3,55,revés
1877,0,2,4,55,revés
1878,1,2,5,55,revés
1879,1,2,6,55,revés
1880,1,2,7,55,revés
1881,1,2,8,55,revés
1882,0,2,0,55,revés
1883,0,2,9,55,revés
1884,1,1,1,56,revés
1885,0,1,2,56,revés
1886,0,1,22,56,revés
1887,0,1,23,56,revés
1888,1,1,3,56,revés
1889,1,1,4,56,revés
1890,1,1,5,56,revés
1891,1,1,6,56,revés
1892,0,1,7,56,revés
1893,0,1,8,56,revés
1894,0,1,0,56,revés
1895,0,1,9,56,revés
1896,0,1,1,57,revés
1897,1,1,2,57,revés
1898,1,1,22,57,revés
1899,0,1,23,57,revés
1900,1,1,3,57,revés
1901,0,1,4,57,revés
1902,1,1,5,57,revés
1903,1,1,6,57,revés
1904,0,1,7,57,revés
1905,1,1,8,57,revés
1906,0,1,0,57,revés
1907,0,1,9,57,revés
1908,1,2,1,57,revés
1909,1,2,2,57,revés
1910,1,2,22,57,revés
1911,0,2,23,57,revés
1912,1,2,3,57,revés
1913,0,2,4,57,revés
1914,1,2,5,57,revés
1915,1,2,6,57,revés
1916,1,2,7,57,revés
1917,1,2,8,57,revés
1918,0,2,0,57,revés
1919,0,2,9,57,revés
1920,0,3,1,57,revés
1921,0,3,2,57,revés
1922,1,3,22,57,revés
1923,0,3,23,57,revés
1924,1,3,3,57,revés
1925,0,3,4,57,revés
1926,1,3,5,57,revés
1927,1,3,6,57,revés
1928,0,3,7,57,revés
1929,1,3,8,57,revés
1930,0,3,0,57,revés
1931,0,3,9,57,revés
1932,0,4,1,57,revés
1933,0,4,2,57,revés
1934,0,4,22,57,revés
1935,0,4,23,57,revés
1936,0,4,3,57,revés
1937,0,4,4,57,revés
1938,1,4,5,57,revés
1939,0,4,6,57,revés
1940,0,4,7,57,revés
1941,1,4,8,57,revés
1942,0,4,0,57,revés
1943,1,4,9,57,revés
1944,0,1,1,58,revés
1945,0,1,2,58,revés
1946,0,1,22,58,revés
1947,0,1,23,58,revés
1948,1,1,3,58,revés
1949,1,1,4,58,revés
1950,1,1,5,58,revés
1951,1,1,6,58,revés
1952,0,1,7,58,revés
1953,0,1,8,58,revés
1954,0,1,0,58,revés
1955,0,1,9,58,revés
1956,0,2,1,58,revés
1957,0,2,2,58,revés
1958,0,2,22,58,revés
1959,0,2,23,58,revés
1960,1,2,3,58,revés
1961,1,2,4,58,revés
1962,1,2,5,58,revés
1963,1,2,6,58,revés
1964,0,2,7,58,revés
1965,1,2,8,58,revés
1966,0,2,0,58,revés
1967,0,2,9,58,revés
1968,1,1,1,59,revés
1969,1,1,2,59,revés
1970,0,1,22,59,revés
1971,0,1,23,59,revés
1972,1,1,3,59,revés
1973,0,1,4,59,revés
1974,1,1,5,59,revés
1975,1,1,6,59,revés
1976,1,1,7,59,revés
1977,1,1,8,59,revés
1978,0,1,0,59,revés
1979,0,1,9,59,revés
1980,1,2,1,59,revés
1981,0,2,2,59,revés
1982,0,2,22,59,revés
1983,0,2,23,59,revés
1984,1,2,3,59,revés
1985,0,2,4,59,revés
1986,1,2,5,59,revés
1987,1,2,6,59,revés
1988,1,2,7,59,revés
1989,1,2,8,59,revés
1990,0,2,0,59,revés
1991,0,2,9,59,revés
1992,0,3,1,59,revés
1993,0,3,2,59,revés
1994,0,3,22,59,revés
1995,0,3,23,59,revés
1996,1,3,3,59,revés
1997,0,3,4,59,revés
1998,1,3,5,59,revés
1999,1,3,6,59,revés
2000,1,3,7,59,revés
2001,0,3,8,59,revés
2002,0,3,0,59,revés
2003,0,3,9,59,revés
2004,0,4,1,59,revés
2005,0,4,2,59,revés
2006,0,4,22,59,revés
2007,0,4,23,59,revés
2008,1,4,3,59,revés
2009,0,4,4,59,revés
2010,1,4,5,59,revés
2011,1,4,6,59,revés
2012,1,4,7,59,revés
2013,0,4,8,59,revés
2014,0,4,0,59,revés
2015,0,4,9,59,revés
2016,1,1,1,60,revés
2017,1,1,2,60,revés
2018,0,1,22,60,revés
2019,0,1,23,60,revés
2020,1,1,3,60,revés
2021,1,1,4,60,revés
2022,1,1,5,60,revés
2023,1,1,6,60,revés
2024,1,1,7,60,revés
2025,0,1,8,60,revés
2026,0,1,0,60,revés
2027,0,1,9,60,revés
2028,0,2,1,60,revés
2029,1,2,2,60,revés
2030,0,2,22,60,revés
2031,0,2,23,60,revés
2032,1,2,3,60,revés
2033,1,2,4,60,revés
2034,1,2,5,60,revés
2035,1,2,6,60,revés
2036,1,2,7,60,revés
2037,1,2,8,60,revés
2038,0,2,0,60,revés
2039,0,2,9,60,revés
2040,1,3,1,60,revés
2041,1,3,2,60,revés
2042,0,3,22,60,revés
2043,0,3,23,60,revés
2044,0,3,3,60,revés
2045,1,3,4,60,revés
2046,1,3,5,60,revés
2047,1,3,6,60,revés
2048,1,3,7,60,revés
2049,1,3,8,60,revés
2050,0,3,0,60,revés
2051,0,3,9,60,revés
2052,0,4,1,60,revés
2053,0,4,2,60,revés
2054,0,4,22,60,revés
2055,0,4,23,60,revés
2056,0,4,3,60,revés
2057,1,4,4,60,revés
2058,1,4,5,60,revés
2059,1,4,6,60,revés
2060,1,4,7,60,revés
2061,1,4,8,60,revés
2062,0,4,0,60,revés
2063,0,4,9,60,revés
2064,1,1,1,61,revés
2065,0,1,2,61,revés
2066,0,1,22,61,revés
2067,0,1,23,61,revés
2068,0,1,3,61,revés
2069,1,1,4,61,revés
2070,0,1,5,61,revés
2071,1,1,6,61,revés
2072,0,1,7,61,revés
2073,0,1,8,61,revés
2074,1,1,0,61,revés
2075,0,1,9,61,revés
2076,0,2,1,61,revés
2077,0,2,2,61,revés
2078,0,2,22,61,revés
2079,0,2,23,61,revés
2080,1,2,3,61,revés
2081,0,2,4,61,revés
2082,1,2,5,61,revés
2083,0,2,6,61,revés
2084,1,2,7,61,revés
2085,1,2,8,61,revés
2086,0,2,0,61,revés
2087,1,2,9,61,revés
2088,0,3,1,61,revés
2089,0,3,2,61,revés
2090,0,3,22,61,revés
2091,0,3,23,61,revés
2092,1,3,3,61,revés
2093,0,3,4,61,revés
2094,0,3,5,61,revés
2095,0,3,6,61,revés
2096,0,3,7,61,revés
2097,1,3,8,61,revés
2098,0,3,0,61,revés
2099,0,3,9,61,revés
2100,0,4,1,61,revés
2101,0,4,2,61,revés
2102,0,4,22,61,revés
2103,0,4,23,61,revés
2104,1,4,3,61,revés
2105,0,4,4,61,revés
2106,0,4,5,61,revés
2107,0,4,6,61,revés
2108,0,4,7,61,revés
2109,1,4,8,61,revés
2110,0,4,0,61,revés
2111,0,4,9,61,revés
2112,1,1,1,62,revés
2113,1,1,2,62,revés
2114,1,1,22,62,revés
2115,0,1,23,62,revés
2116,1,1,3,62,revés
2117,1,1,4,62,revés
2118,1,1,5,62,revés
2119,1,1,6,62,revés
2120,1,1,7,62,revés
2121,1,1,8,62,revés
2122,0,1,0,62,revés
2123,0,1,9,62,revés
2124,1,2,1,62,revés
2125,0,2,2,62,revés
2126,1,2,22,62,revés
2127,0,2,23,62,revés
2128,1,2,3,62,revés
2129,0,2,4,62,revés
2130,1,2,5,62,revés
2131,1,2,6,62,revés
2132,1,2,7,62,revés
2133,1,2,8,62,revés
2134,0,2,0,62,revés
2135,0,2,9,62,revés
2136,1,3,1,62,revés
2137,0,3,2,62,revés
2138,1,3,22,62,revés
2139,0,3,23,62,revés
2140,1,3,3,62,revés
2141,0,3,4,62,revés
2142,1,3,5,62,revés
2143,1,3,6,62,revés
2144,0,3,7,62,revés
2145,1,3,8,62,revés
2146,0,3,0,62,revés
2147,0,3,9,62,revés
2148,1,4,1,62,revés
2149,0,4,2,62,revés
2150,1,4,22,62,revés
2151,0,4,23,62,revés
2152,1,4,3,62,revés
2153,0,4,4,62,revés
2154,1,4,5,62,revés
2155,1,4,6,62,revés
2156,0,4,7,62,revés
2157,1,4,8,62,revés
2158,0,4,0,62,revés
2159,0,4,9,62,revés
2160,1,1,1,63,revés
2161,0,1,2,63,revés
2162,0,1,22,63,revés
2163,0,1,23,63,revés
2164,0,1,3,63,revés
2165,1,1,4,63,revés
2166,1,1,5,63,revés
2167,1,1,6,63,revés
2168,0,1,7,63,revés
2169,0,1,8,63,revés
2170,0,1,0,63,revés
2171,0,1,9,63,revés
2172,0,2,1,63,revés
2173,0,2,2,63,revés
2174,0,2,22,63,revés
2175,0,2,23,63,revés
2176,0,2,3,63,revés
2177,0,2,4,63,revés
2178,1,2,5,63,revés
2179,0,2,6,63,revés
2180,0,2,7,63,revés
2181,0,2,8,63,revés
2182,0,2,0,63,revés
2183,0,2,9,63,revés
2184,1,1,1,64,revés
2185,1,1,2,64,revés
2186,0,1,22,64,revés
2187,0,1,23,64,revés
2188,1,1,3,64,revés
2189,1,1,4,64,revés
2190,1,1,5,64,revés
2191,0,1,6,64,revés
2192,1,1,7,64,revés
2193,0,1,8,64,revés
2194,0,1,0,64,revés
2195,0,1,9,64,revés
2196,1,2,1,64,revés
2197,1,2,2,64,revés
2198,0,2,22,64,revés
2199,0,2,23,64,revés
2200,1,2,3,64,revés
2201,1,2,4,64,revés
2202,1,2,5,64,revés
2203,1,2,6,64,revés
2204,1,2,7,64,revés
2205,1,2,8,64,revés
2206,0,2,0,64,revés
2207,0,2,9,64,revés
2208,1,3,1,64,revés
2209,1,3,2,64,revés
2210,0,3,22,64,revés
2211,0,3,23,64,revés
2212,1,3,3,64,revés
2213,1,3,4,64,revés
2214,1,3,5,64,revés
2215,1,3,6,64,revés
2216,1,3,7,64,revés
2217,1,3,8,64,revés
2218,0,3,0,64,revés
2219,0,3,9,64,revés
2220,1,4,1,64,revés
2221,1,4,2,64,revés
2222,0,4,22,64,revés
2223,0,4,23,64,revés
2224,1,4,3,64,revés
2225,0,4,4,64,revés
2226,1,4,5,64,revés
2227,1,4,6,64,revés
2228,1,4,7,64,revés
2229,1,4,8,64,revés
2230,0,4,0,64,revés
2231,0,4,9,64,revés
2232,0,1,1,65,revés
2233,1,1,2,65,revés
2234,0,1,22,65,revés
2235,0,1,23,65,revés
2236,0,1,3,65,revés
2237,0,1,4,65,revés
2238,1,1,5,65,revés
2239,1,1,6,65,revés
2240,0,1,7,65,revés
2241,0,1,8,65,revés
2242,0,1,0,65,revés
2243,0,1,9,65,revés
2244,1,2,1,65,revés
2245,0,2,2,65,revés
2246,0,2,22,65,revés
2247,0,2,23,65,revés
2248,0,2,3,65,revés
2249,0,2,4,65,revés
2250,1,2,5,65,revés
2251,1,2,6,65,revés
2252,0,2,7,65,revés
2253,0,2,8,65,revés
2254,0,2,0,65,revés
2255,0,2,9,65,revés
2256,0,3,1,65,revés
2257,0,3,2,65,revés
2258,0,3,22,65,revés
2259,0,3,23,65,revés
2260,0,3,3,65,revés
2261,0,3,4,65,revés
2262,1,3,5,65,revés
2263,0,3,6,65,revés
2264,0,3,7,65,revés
2265,1,3,8,65,revés
2266,0,3,0,65,revés
2267,0,3,9,65,revés
2268,0,1,1,66,revés
2269,1,1,2,66,revés
2270,0,1,22,66,revés
2271,0,1,23,66,revés
2272,0,1,3,66,revés
2273,1,1,4,66,revés
2274,1,1,5,66,revés
2275,1,1,6,66,revés
2276,0,1,7,66,revés
2277,1,1,8,66,revés
2278,0,1,0,66,revés
2279,0,1,9,66,revés
2280,0,2,1,66,revés
2281,1,2,2,66,revés
2282,0,2,22,66,revés
2283,0,2,23,66,revés
2284,0,2,3,66,revés
2285,1,2,4,66,revés
2286,1,2,5,66,revés
2287,1,2,6,66,revés
2288,1,2,7,66,revés
2289,1,2,8,66,revés
2290,0,2,0,66,revés
2291,0,2,9,66,revés
2292,0,3,1,66,revés
2293,1,3,2,66,revés
2294,0,3,22,66,revés
2295,0,3,23,66,revés
2296,0,3,3,66,revés
2297,1,3,4,66,revés
2298,1,3,5,66,revés
2299,1,3,6,66,revés
2300,0,3,7,66,revés
2301,1,3,8,66,revés
2302,0,3,0,66,revés
2303,0,3,9,66,revés
2304,1,1,1,67,revés
2305,0,1,2,67,revés
2306,0,1,22,67,revés
2307,0,1,23,67,revés
2308,1,1,3,67,revés
2309,1,1,4,67,revés
2310,1,1,5,67,revés
2311,1,1,6,67,revés
2312,0,1,7,67,revés
2313,1,1,8,67,revés
2314,0,1,0,67,revés
2315,0,1,9,67,revés
2316,1,2,1,67,revés
2317,0,2,2,67,revés
2318,0,2,22,67,revés
2319,0,2,23,67,revés
2320,1,2,3,67,revés
2321,1,2,4,67,revés
2322,1,2,5,67,revés
2323,1,2,6,67,revés
2324,1,2,7,67,revés
2325,0,2,8,67,revés
2326,0,2,0,67,revés
2327,0,2,9,67,revés
2328,1,1,1,68,revés
2329,0,1,2,68,revés
2330,0,1,22,68,revés
2331,0,1,23,68,revés
2332,1,1,3,68,revés
2333,0,1,4,68,revés
2334,1,1,5,68,revés
2335,1,1,6,68,revés
2336,0,1,7,68,revés
2337,1,1,8,68,revés
2338,0,1,0,68,revés
2339,0,1,9,68,revés
2340,0,2,1,68,revés
2341,1,2,2,68,revés
2342,0,2,22,68,revés
2343,0,2,23,68,revés
2344,0,2,3,68,revés
2345,0,2,4,68,revés
2346,1,2,5,68,revés
2347,1,2,6,68,revés
2348,0,2,7,68,revés
2349,1,2,8,68,revés
2350,0,2,0,68,revés
2351,0,2,9,68,revés
2352,0,1,1,69,revés
2353,0,1,2,69,revés
2354,0,1,22,69,revés
2355,0,1,23,69,revés
2356,1,1,3,69,revés
2357,1,1,4,69,revés
2358,1,1,5,69,revés
2359,1,1,6,69,revés
2360,0,1,7,69,revés
2361,0,1,8,69,revés
2362,0,1,0,69,revés
2363,0,1,9,69,revés
2364,0,2,1,69,revés
2365,0,2,2,69,revés
2366,0,2,22,69,revés
2367,0,2,23,69,revés
2368,0,2,3,69,revés
2369,0,2,4,69,revés
2370,1,2,5,69,revés
2371,1,2,6,69,revés
2372,0,2,7,69,revés
2373,1,2,8,69,revés
2374,0,2,0,69,revés
2375,1,2,9,69,revés
2376,0,1,1,70,revés
2377,0,1,2,70,revés
2378,0,1,22,70,revés
2379,0,1,23,70,revés
2380,1,1,3,70,revés
2381,0,1,4,70,revés
2382,1,1,5,70,revés
2383,1,1,6,70,revés
2384,1,1,7,70,revés
2385,0,1,8,70,revés
2386,0,1,0,70,revés
2387,0,1,9,70,revés
2388,1,1,1,71,revés
2389,1,1,2,71,revés
2390,0,1,22,71,revés
2391,0,1,23,71,revés
2392,1,1,3,71,revés
2393,1,1,4,71,revés
2394,1,1,5,71,revés
2395,1,1,6,71,revés
2396,1,1,7,71,revés
2397,1,1,8,71,revés
2398,0,1,0,71,revés
2399,0,1,9,71,revés
2400,0,2,1,71,revés
2401,1,2,2,71,revés
2402,0,2,22,71,revés
2403,0,2,23,71,revés
2404,1,2,3,71,revés
2405,0,2,4,71,revés
2406,1,2,5,71,revés
2407,1,2,6,71,revés
2408,1,2,7,71,revés
2409,0,2,8,71,revés
2410,0,2,0,71,revés
2411,1,2,9,71,revés
2412,1,1,1,72,revés
2413,0,1,2,72,revés
2414,0,1,22,72,revés
2415,0,1,23,72,revés
2416,1,1,3,72,revés
2417,1,1,4,72,revés
2418,1,1,5,72,revés
2419,1,1,6,72,revés
2420,1,1,7,72,revés
2421,1,1,8,72,revés
2422,0,1,0,72,revés
2423,0,1,9,72,revés
2424,0,2,1,72,revés
2425,0,2,2,72,revés
2426,0,2,22,72,revés
2427,0,2,23,72,revés
2428,1,2,3,72,revés
2429,0,2,4,72,revés
2430,0,2,5,72,revés
2431,1,2,6,72,revés
2432,0,2,7,72,revés
2433,1,2,8,72,revés
2434,0,2,0,72,revés
2435,0,2,9,72,revés
2436,0,3,1,72,revés
2437,0,3,2,72,revés
2438,0,3,22,72,revés
2439,0,3,23,72,revés
2440,0,3,3,72,revés
2441,0,3,4,72,revés
2442,0,3,5,72,revés
2443,0,3,6,72,revés
2444,0,3,7,72,revés
2445,1,3,8,72,revés
2446,0,3,0,72,revés
2447,0,3,9,72,revés
2448,0,4,1,72,revés
2449,0,4,2,72,revés
2450,0,4,22,72,revés
2451,0,4,23,72,revés
2452,0,4,3,72,revés
2453,0,4,4,72,revés
2454,0,4,5,72,revés
2455,0,4,6,72,revés
2456,1,4,7,72,revés
2457,1,4,8,72,revés
2458,0,4,0,72,revés
2459,1,4,9,72,revés
2460,1,1,1,73,revés
2461,1,1,2,73,revés
2462,0,1,22,73,revés
2463,0,1,23,73,revés
2464,1,1,3,73,revés
2465,1,1,4,73,revés
2466,1,1,5,73,revés
2467,1,1,6,73,revés
2468,0,1,7,73,revés
2469,1,1,8,73,revés
2470,0,1,0,73,revés
2471,0,1,9,73,revés
2472,1,2,1,73,revés
2473,1,2,2,73,revés
2474,0,2,22,73,revés
2475,0,2,23,73,revés
2476,0,2,3,73,revés
2477,1,2,4,73,revés
2478,1,2,5,73,revés
2479,1,2,6,73,revés
2480,0,2,7,73,revés
2481,1,2,8,73,revés
2482,0,2,0,73,revés
2483,0,2,9,73,revés
2484,0,3,1,73,revés
2485,1,3,2,73,revés
2486,0,3,22,73,revés
2487,0,3,23,73,revés
2488,1,3,3,73,revés
2489,1,3,4,73,revés
2490,1,3,5,73,revés
2491,1,3,6,73,revés
2492,0,3,7,73,revés
2493,1,3,8,73,revés
2494,0,3,0,73,revés
2495,0,3,9,73,revés
2496,0,4,1,73,revés
2497,1,4,2,73,revés
2498,0,4,22,73,revés
2499,0,4,23,73,revés
2500,0,4,3,73,revés
2501,0,4,4,73,revés
2502,1,4,5,73,revés
2503,1,4,6,73,revés
2504,0,4,7,73,revés
2505,0,4,8,73,revés
2506,0,4,0,73,revés
2507,0,4,9,73,revés
2508,0,1,1,74,revés
2509,0,1,2,74,revés
2510,0,1,22,74,revés
2511,0,1,23,74,revés
2512,0,1,3,74,revés
2513,0,1,4,74,revés
2514,0,1,5,74,revés
2515,0,1,6,74,revés
2516,0,1,7,74,revés
2517,0,1,8,74,revés
2518,1,1,0,74,revés
2519,1,1,9,74,revés
2520,0,3,1,74,revés
2521,0,3,2,74,revés
2522,0,3,22,74,revés
2523,0,3,23,74,revés
2524,0,3,3,74,revés
2525,0,3,4,74,revés
2526,0,3,5,74,revés
2527,0,3,6,74,revés
2528,0,3,7,74,revés
2529,0,3,8,74,revés
2530,1,3,0,74,revés
2531,1,3,9,74,revés
2532,0,1,1,75,revés
2533,1,1,2,75,revés
2534,1,1,22,75,revés
2535,0,1,23,75,revés
2536,1,1,3,75,revés
2537,1,1,4,75,revés
2538,1,1,5,75,revés
2539,1,1,6,75,revés
2540,0,1,7,75,revés
2541,1,1,8,75,revés
2542,0,1,0,75,revés
2543,0,1,9,75,revés
2544,0,2,1,75,revés
2545,0,2,2,75,revés
2546,1,2,22,75,revés
2547,0,2,23,75,revés
2548,1,2,3,75,revés
2549,0,2,4,75,revés
2550,0,2,5,75,revés
2551,1,2,6,75,revés
2552,0,2,7,75,revés
2553,1,2,8,75,revés
2554,0,2,0,75,revés
2555,0,2,9,75,revés
2556,0,3,1,75,revés
2557,0,3,2,75,revés
2558,1,3,22,75,revés
2559,0,3,23,75,revés
2560,1,3,3,75,revés
2561,0,3,4,75,revés
2562,1,3,5,75,revés
2563,1,3,6,75,revés
2564,0,3,7,75,revés
2565,1,3,8,75,revés
2566,0,3,0,75,revés
2567,0,3,9,75,revés
2568,0,4,1,75,revés
2569,0,4,2,75,revés
2570,1,4,22,75,revés
2571,0,4,23,75,revés
2572,1,4,3,75,revés
2573,0,4,4,75,revés
2574,1,4,5,75,revés
2575,0,4,6,75,revés
2576,0,4,7,75,revés
2577,1,4,8,75,revés
2578,0,4,0,75,revés
2579,0,4,9,75,revés
2580,1,1,1,76,revés
2581,0,1,2,76,revés
2582,0,1,22,76,revés
2583,0,1,23,76,revés
2584,0,1,3,76,revés
2585,0,1,4,76,revés
2586,1,1,5,76,revés
2587,1,1,6,76,revés
2588,0,1,7,76,revés
2589,0,1,8,76,revés
2590,0,1,0,76,revés
2591,0,1,9,76,revés
2592,1,2,1,76,revés
2593,0,2,2,76,revés
2594,0,2,22,76,revés
2595,0,2,23,76,revés
2596,1,2,3,76,revés
2597,1,2,4,76,revés
2598,1,2,5,76,revés
2599,1,2,6,76,revés
2600,0,2,7,76,revés
2601,1,2,8,76,revés
2602,0,2,0,76,revés
2603,0,2,9,76,revés
2604,1,3,1,76,revés
2605,0,3,2,76,revés
2606,0,3,22,76,revés
2607,0,3,23,76,revés
2608,1,3,3,76,revés
2609,1,3,4,76,revés
2610,1,3,5,76,revés
2611,1,3,6,76,revés
2612,0,3,7,76,revés
2613,1,3,8,76,revés
2614,0,3,0,76,revés
2615,0,3,9,76,revés
2616,1,1,1,77,revés
2617,0,1,2,77,revés
2618,0,1,22,77,revés
2619,0,1,23,77,revés
2620,0,1,3,77,revés
2621,1,1,4,77,revés
2622,0,1,5,77,revés
2623,1,1,6,77,revés
2624,0,1,7,77,revés
2625,0,1,8,77,revés
2626,1,1,0,77,revés
2627,0,1,9,77,revés
2628,0,2,1,77,revés
2629,0,2,2,77,revés
2630,0,2,22,77,revés
2631,0,2,23,77,revés
2632,0,2,3,77,revés
2633,1,2,4,77,revés
2634,0,2,5,77,revés
2635,1,2,6,77,revés
2636,0,2,7,77,revés
2637,1,2,8,77,revés
2638,1,2,0,77,revés
2639,0,2,9,77,revés
2640,0,3,1,77,revés
2641,0,3,2,77,revés
2642,0,3,22,77,revés
2643,0,3,23,77,revés
2644,0,3,3,77,revés
2645,0,3,4,77,revés
2646,0,3,5,77,revés
2647,1,3,6,77,revés
2648,0,3,7,77,revés
2649,1,3,8,77,revés
2650,1,3,0,77,revés
2651,0,3,9,77,revés
2652,0,1,1,78,revés
2653,1,1,2,78,revés
2654,0,1,22,78,revés
2655,0,1,23,78,revés
2656,0,1,3,78,revés
2657,0,1,4,78,revés
2658,1,1,5,78,revés
2659,1,1,6,78,revés
2660,0,1,7,78,revés
2661,0,1,8,78,revés
2662,0,1,0,78,revés
2663,0,1,9,78,revés
2664,0,2,1,78,revés
2665,0,2,2,78,revés
2666,0,2,22,78,revés
2667,0,2,23,78,revés
2668,1,2,3,78,revés
2669,0,2,4,78,revés
2670,1,2,5,78,revés
2671,0,2,6,78,revés
2672,0,2,7,78,revés
2673,1,2,8,78,revés
2674,0,2,0,78,revés
2675,1,2,9,78,revés
2676,0,3,1,78,revés
2677,0,3,2,78,revés
2678,0,3,22,78,revés
2679,0,3,23,78,revés
2680,0,3,3,78,revés
2681,0,3,4,78,revés
2682,0,3,5,78,revés
2683,0,3,6,78,revés
2684,0,3,7,78,revés
2685,1,3,8,78,revés
2686,1,3,0,78,revés
2687,1,3,9,78,revés
2688,0,1,1,79,normal
2689,0,1,2,79,normal
2690,0,1,22,79,normal
2691,0,1,23,79,normal
2692,0,1,3,79,normal
2693,1,1,4,79,normal
2694,1,1,5,79,normal
2695,1,1,6,79,normal
2696,0,1,7,79,normal
2697,1,1,8,79,normal
2698,0,1,0,79,normal
2699,0,1,9,79,normal
2700,0,1,1,80,normal
2701,1,1,2,80,normal
2702,0,1,22,80,normal
2703,0,1,23,80,normal
2704,0,1,3,80,normal
2705,0,1,4,80,normal
2706,0,1,5,80,normal
2707,1,1,6,80,normal
2708,0,1,7,80,normal
2709,1,1,8,80,normal
2710,0,1,0,80,normal
2711,0,1,9,80,normal
2712,0,2,1,80,normal
2713,0,2,2,80,normal
2714,0,2,22,80,normal
2715,1,2,23,80,normal
2716,0,2,3,80,normal
2717,0,2,4,80,normal
2718,1,2,5,80,normal
2719,1,2,6,80,normal
2720,0,2,7,80,normal
2721,1,2,8,80,normal
2722,0,2,0,80,normal
2723,0,2,9,80,normal
2724,0,3,1,80,normal
2725,0,3,2,80,normal
2726,0,3,22,80,normal
2727,1,3,23,80,normal
2728,0,3,3,80,normal
2729,0,3,4,80,normal
2730,1,3,5,80,normal
2731,1,3,6,80,normal
2732,0,3,7,80,normal
2733,1,3,8,80,normal
2734,0,3,0,80,normal
2735,0,3,9,80,normal
2736,0,4,1,80,normal
2737,0,4,2,80,normal
2738,0,4,22,80,normal
2739,1,4,23,80,normal
2740,0,4,3,80,normal
2741,0,4,4,80,normal
2742,0,4,5,80,normal
2743,1,4,6,80,normal
2744,0,4,7,80,normal
2745,0,4,8,80,normal
2746,0,4,0,80,normal
2747,0,4,9,80,normal
2748,0,1,1,81,normal
2749,1,1,2,81,normal
2750,0,1,22,81,normal
2751,0,1,23,81,normal
2752,0,1,3,81,normal
2753,0,1,4,81,normal
2754,1,1,5,81,normal
2755,1,1,6,81,normal
2756,0,1,7,81,normal
2757,1,1,8,81,normal
2758,0,1,0,81,normal
2759,0,1,9,81,normal
2760,0,2,1,81,normal
2761,0,2,2,81,normal
2762,0,2,22,81,normal
2763,0,2,23,81,normal
2764,0,2,3,81,normal
2765,0,2,4,81,normal
2766,1,2,5,81,normal
2767,1,2,6,81,normal
2768,0,2,7,81,normal
2769,0,2,8,81,normal
2770,0,2,0,81,normal
2771,0,2,9,81,normal
2772,0,3,1,81,normal
2773,0,3,2,81,normal
2774,0,3,22,81,normal
2775,0,3,23,81,normal
2776,1,3,3,81,normal
2777,0,3,4,81,normal
2778,1,3,5,81,normal
2779,1,3,6,81,normal
2780,0,3,7,81,normal
2781,0,3,8,81,normal
2782,0,3,0,81,normal
2783,0,3,9,81,normal
2784,0,4,1,81,normal
2785,0,4,2,81,normal
2786,0,4,22,81,normal
2787,0,4,23,81,normal
2788,1,4,3,81,normal
2789,0,4,4,81,normal
2790,0,4,5,81,normal
2791,1,4,6,81,normal
2792,0,4,7,81,normal
2793,0,4,8,81,normal
2794,0,4,0,81,normal
2795,0,4,9,81,normal
2796,1,1,1,82,normal
2797,1,1,2,82,normal
2798,0,1,22,82,normal
2799,1,1,23,82,normal
2800,0,1,3,82,normal
2801,1,1,4,82,normal
2802,1,1,5,82,normal
2803,0,1,6,82,normal
2804,1,1,7,82,normal
2805,1,1,8,82,normal
2806,0,1,0,82,normal
2807,1,1,9,82,normal
2808,1,2,1,82,normal
2809,0,2,2,82,normal
2810,0,2,22,82,normal
2811,1,2,23,82,normal
2812,1,2,3,82,normal
2813,1,2,4,82,normal
2814,1,2,5,82,normal
2815,1,2,6,82,normal
2816,0,2,7,82,normal
2817,1,2,8,82,normal
2818,0,2,0,82,normal
2819,0,2,9,82,normal
2820,1,3,1,82,normal
2821,0,3,2,82,normal
2822,0,3,22,82,normal
2823,1,3,23,82,normal
2824,0,3,3,82,normal
2825,1,3,4,82,normal
2826,1,3,5,82,normal
2827,0,3,6,82,normal
2828,1,3,7,82,normal
2829,1,3,8,82,normal
2830,0,3,0,82,normal
2831,1,3,9,82,normal
2832,1,4,1,82,normal
2833,0,4,2,82,normal
2834,0,4,22,82,normal
2835,1,4,23,82,normal
2836,0,4,3,82,normal
2837,1,4,4,82,normal
2838,1,4,5,82,normal
2839,0,4,6,82,normal
2840,1,4,7,82,normal
2841,1,4,8,82,normal
2842,0,4,0,82,normal
2843,1,4,9,82,normal
2844,0,1,1,83,normal
2845,1,1,2,83,normal
2846,0,1,22,83,normal
2847,0,1,23,83,normal
2848,1,1,3,83,normal
2849,0,1,4,83,normal
2850,1,1,5,83,normal
2851,0,1,6,83,normal
2852,0,1,7,83,normal
2853,1,1,8,83,normal
2854,0,1,0,83,normal
2855,0,1,9,83,normal
2856,1,2,1,83,normal
2857,0,2,2,83,normal
2858,0,2,22,83,normal
2859,0,2,23,83,normal
2860,0,2,3,83,normal
2861,0,2,4,83,normal
2862,1,2,5,83,normal
2863,0,2,6,83,normal
2864,0,2,7,83,normal
2865,1,2,8,83,normal
2866,0,2,0,83,normal
2867,1,2,9,83,normal
2868,0,3,1,83,normal
2869,0,3,2,83,normal
2870,0,3,22,83,normal
2871,0,3,23,83,normal
2872,0,3,3,83,normal
2873,0,3,4,83,normal
2874,1,3,5,83,normal
2875,0,3,6,83,normal
2876,0,3,7,83,normal
2877,0,3,8,83,normal
2878,0,3,0,83,normal
2879,1,3,9,83,normal
2880,1,1,1,84,normal
2881,1,1,2,84,normal
2882,0,1,22,84,normal
2883,0,1,23,84,normal
2884,1,1,3,84,normal
2885,0,1,4,84,normal
2886,1,1,5,84,normal
2887,1,1,6,84,normal
2888,1,1,7,84,normal
2889,0,1,8,84,normal
2890,0,1,0,84,normal
2891,0,1,9,84,normal
2892,1,2,1,84,normal
2893,0,2,2,84,normal
2894,0,2,22,84,normal
2895,0,2,23,84,normal
2896,1,2,3,84,normal
2897,0,2,4,84,normal
2898,1,2,5,84,normal
2899,1,2,6,84,normal
2900,1,2,7,84,normal
2901,1,2,8,84,normal
2902,0,2,0,84,normal
2903,0,2,9,84,normal
2904,1,3,1,84,normal
2905,0,3,2,84,normal
2906,0,3,22,84,normal
2907,0,3,23,84,normal
2908,1,3,3,84,normal
2909,0,3,4,84,normal
2910,1,3,5,84,normal
2911,1,3,6,84,normal
2912,1,3,7,84,normal
2913,1,3,8,84,normal
2914,0,3,0,84,normal
2915,0,3,9,84,normal
2916,0,1,1,85,normal
2917,0,1,2,85,normal
2918,0,1,22,85,normal
2919,0,1,23,85,normal
2920,1,1,3,85,normal
2921,1,1,4,85,normal
2922,0,1,5,85,normal
2923,1,1,6,85,normal
2924,1,1,7,85,normal
2925,1,1,8,85,normal
2926,0,1,0,85,normal
2927,0,1,9,85,normal
2928,0,2,1,85,normal
2929,0,2,2,85,normal
2930,0,2,22,85,normal
2931,0,2,23,85,normal
2932,1,2,3,85,normal
2933,1,2,4,85,normal
2934,0,2,5,85,normal
2935,1,2,6,85,normal
2936,1,2,7,85,normal
2937,1,2,8,85,normal
2938,0,2,0,85,normal
2939,0,2,9,85,normal
2940,0,3,1,85,normal
2941,0,3,2,85,normal
2942,0,3,22,85,normal
2943,0,3,23,85,normal
2944,1,3,3,85,normal
2945,1,3,4,85,normal
2946,0,3,5,85,normal
2947,1,3,6,85,normal
2948,0,3,7,85,normal
2949,1,3,8,85,normal
2950,0,3,0,85,normal
2951,0,3,9,85,normal
2952,0,1,1,86,normal
2953,1,1,2,86,normal
2954,0,1,22,86,normal
2955,1,1,23,86,normal
2956,0,1,3,86,normal
2957,1,1,4,86,normal
2958,1,1,5,86,normal
2959,1,1,6,86,normal
2960,1,1,7,86,normal
2961,1,1,8,86,normal
2962,0,1,0,86,normal
2963,0,1,9,86,normal
2964,0,2,1,86,normal
2965,1,2,2,86,normal
2966,0,2,22,86,normal
2967,0,2,23,86,normal
2968,0,2,3,86,normal
2969,0,2,4,86,normal
2970,1,2,5,86,normal
2971,1,2,6,86,normal
2972,0,2,7,86,normal
2973,1,2,8,86,normal
2974,0,2,0,86,normal
2975,0,2,9,86,normal
2976,0,1,1,87,normal
2977,0,1,2,87,normal
2978,0,1,22,87,normal
2979,0,1,23,87,normal
2980,0,1,3,87,normal
2981,0,1,4,87,normal
2982,0,1,5,87,normal
2983,1,1,6,87,normal
2984,0,1,7,87,normal
2985,1,1,8,87,normal
2986,1,1,0,87,normal
2987,1,1,9,87,normal
2988,0,1,1,88,normal
2989,0,1,2,88,normal
2990,0,1,22,88,normal
2991,0,1,23,88,normal
2992,1,1,3,88,normal
2993,1,1,4,88,normal
2994,1,1,5,88,normal
2995,1,1,6,88,normal
2996,1,1,7,88,normal
2997,1,1,8,88,normal
2998,0,1,0,88,normal
2999,0,1,9,88,normal
3000,0,2,1,88,normal
3001,0,2,2,88,normal
3002,0,2,22,88,normal
3003,0,2,23,88,normal
3004,1,2,3,88,normal
3005,1,2,4,88,normal
3006,1,2,5,88,normal
3007,1,2,6,88,normal
3008,1,2,7,88,normal
3009,1,2,8,88,normal
3010,0,2,0,88,normal
3011,0,2,9,88,normal
3012,0,3,1,88,normal
3013,0,3,2,88,normal
3014,0,3,22,88,normal
3015,0,3,23,88,normal
3016,1,3,3,88,normal
3017,1,3,4,88,normal
3018,1,3,5,88,normal
3019,1,3,6,88,normal
3020,1,3,7,88,normal
3021,1,3,8,88,normal
3022,0,3,0,88,normal
3023,0,3,9,88,normal
3024,0,4,1,88,normal
3025,0,4,2,88,normal
3026,0,4,22,88,normal
3027,0,4,23,88,normal
3028,1,4,3,88,normal
3029,1,4,4,88,normal
3030,1,4,5,88,normal
3031,1,4,6,88,normal
3032,1,4,7,88,normal
3033,1,4,8,88,normal
3034,0,4,0,88,normal
3035,0,4,9,88,normal
3036,0,1,1,89,normal
3037,1,1,2,89,normal
3038,0,1,22,89,normal
3039,0,1,23,89,normal
3040,0,1,3,89,normal
3041,0,1,4,89,normal
3042,1,1,5,89,normal
3043,1,1,6,89,normal
3044,1,1,7,89,normal
3045,1,1,8,89,normal
3046,0,1,0,89,normal
3047,0,1,9,89,normal
3048,0,2,1,89,normal
3049,0,2,2,89,normal
3050,0,2,22,89,normal
3051,0,2,23,89,normal
3052,0,2,3,89,normal
3053,0,2,4,89,normal
3054,1,2,5,89,normal
3055,0,2,6,89,normal
3056,0,2,7,89,normal
3057,1,2,8,89,normal
3058,0,2,0,89,normal
3059,0,2,9,89,normal
3060,0,3,1,89,normal
3061,0,3,2,89,normal
3062,0,3,22,89,normal
3063,0,3,23,89,normal
3064,0,3,3,89,normal
3065,0,3,4,89,normal
3066,1,3,5,89,normal
3067,0,3,6,89,normal
3068,0,3,7,89,normal
3069,1,3,8,89,normal
3070,0,3,0,89,normal
3071,0,3,9,89,normal
3072,0,4,1,89,normal
3073,0,4,2,89,normal
3074,0,4,22,89,normal
3075,0,4,23,89,normal
3076,0,4,3,89,normal
3077,0,4,4,89,normal
3078,1,4,5,89,normal
3079,0,4,6,89,normal
3080,0,4,7,89,normal
3081,1,4,8,89,normal
3082,0,4,0,89,normal
3083,0,4,9,89,normal
3084,0,1,1,90,normal
3085,0,1,2,90,normal
3086,0,1,22,90,normal
3087,0,1,23,90,normal
3088,1,1,3,90,normal
3089,1,1,4,90,normal
3090,1,1,5,90,normal
3091,1,1,6,90,normal
3092,0,1,7,90,normal
3093,1,1,8,90,normal
3094,0,1,0,90,normal
3095,0,1,9,90,normal
3096,0,2,1,90,normal
3097,0,2,2,90,normal
3098,0,2,22,90,normal
3099,0,2,23,90,normal
3100,1,2,3,90,normal
3101,1,2,4,90,normal
3102,1,2,5,90,normal
3103,0,2,6,90,normal
3104,0,2,7,90,normal
3105,0,2,8,90,normal
3106,0,2,0,90,normal
3107,1,2,9,90,normal
3108,0,3,1,90,normal
3109,0,3,2,90,normal
3110,0,3,22,90,normal
3111,1,3,23,90,normal
3112,0,3,3,90,normal
3113,1,3,4,90,normal
3114,1,3,5,90,normal
3115,0,3,6,90,normal
3116,0,3,7,90,normal
3117,0,3,8,90,normal
3118,0,3,0,90,normal
3119,1,3,9,90,normal
3120,0,1,1,91,normal
3121,0,1,2,91,normal
3122,0,1,22,91,normal
3123,1,1,23,91,normal
3124,0,1,3,91,normal
3125,0,1,4,91,normal
3126,1,1,5,91,normal
3127,1,1,6,91,normal
3128,0,1,7,91,normal
3129,1,1,8,91,normal
3130,0,1,0,91,normal
3131,0,1,9,91,normal
3132,0,2,1,91,normal
3133,0,2,2,91,normal
3134,0,2,22,91,normal
3135,1,2,23,91,normal
3136,0,2,3,91,normal
3137,0,2,4,91,normal
3138,0,2,5,91,normal
3139,0,2,6,91,normal
3140,1,2,7,91,normal
3141,0,2,8,91,normal
3142,1,2,0,91,normal
3143,0,2,9,91,normal
3144,0,3,1,91,normal
3145,0,3,2,91,normal
3146,0,3,22,91,normal
3147,1,3,23,91,normal
3148,0,3,3,91,normal
3149,0,3,4,91,normal
3150,1,3,5,91,normal
3151,0,3,6,91,normal
3152,1,3,7,91,normal
3153,0,3,8,91,normal
3154,0,3,0,91,normal
3155,0,3,9,91,normal
3156,0,4,1,91,normal
3157,0,4,2,91,normal
3158,0,4,22,91,normal
3159,1,4,23,91,normal
3160,0,4,3,91,normal
3161,0,4,4,91,normal
3162,1,4,5,91,normal
3163,0,4,6,91,normal
3164,0,4,7,91,normal
3165,0,4,8,91,normal
3166,0,4,0,91,normal
3167,0,4,9,91,normal
3168,0,1,1,92,normal
3169,0,1,2,92,normal
3170,0,1,22,92,normal
3171,0,1,23,92,normal
3172,1,1,3,92,normal
3173,0,1,4,92,normal
3174,1,1,5,92,normal
3175,0,1,6,92,normal
3176,1,1,7,92,normal
3177,1,1,8,92,normal
3178,0,1,0,92,normal
3179,0,1,9,92,normal
3180,0,2,1,92,normal
3181,0,2,2,92,normal
3182,0,2,22,92,normal
3183,0,2,23,92,normal
3184,0,2,3,92,normal
3185,0,2,4,92,normal
3186,0,2,5,92,normal
3187,0,2,6,92,normal
3188,0,2,7,92,normal
3189,0,2,8,92,normal
3190,0,2,0,92,normal
3191,0,2,9,92,normal
3192,0,1,1,93,normal
3193,1,1,2,93,normal
3194,0,1,22,93,normal
3195,0,1,23,93,normal
3196,1,1,3,93,normal
3197,1,1,4,93,normal
3198,1,1,5,93,normal
3199,1,1,6,93,normal
3200,1,1,7,93,normal
3201,1,1,8,93,normal
3202,0,1,0,93,normal
3203,0,1,9,93,normal
3204,0,2,1,93,normal
3205,0,2,2,93,normal
3206,0,2,22,93,normal
3207,0,2,23,93,normal
3208,0,2,3,93,normal
3209,0,2,4,93,normal
3210,1,2,5,93,normal
3211,0,2,6,93,normal
3212,1,2,7,93,normal
3213,1,2,8,93,normal
3214,0,2,0,93,normal
3215,0,2,9,93,normal
3216,0,3,1,93,normal
3217,0,3,2,93,normal
3218,0,3,22,93,normal
3219,0,3,23,93,normal
3220,0,3,3,93,normal
3221,0,3,4,93,normal
3222,1,3,5,93,normal
3223,0,3,6,93,normal
3224,1,3,7,93,normal
3225,0,3,8,93,normal
3226,0,3,0,93,normal
3227,1,3,9,93,normal
3228,0,1,1,94,normal
3229,0,1,2,94,normal
3230,0,1,22,94,normal
3231,0,1,23,94,normal
3232,0,1,3,94,normal
3233,0,1,4,94,normal
3234,1,1,5,94,normal
3235,1,1,6,94,normal
3236,0,1,7,94,normal
3237,1,1,8,94,normal
3238,0,1,0,94,normal
3239,0,1,9,94,normal
3240,0,2,1,94,normal
3241,0,2,2,94,normal
3242,0,2,22,94,normal
3243,0,2,23,94,normal
3244,0,2,3,94,normal
3245,0,2,4,94,normal
3246,0,2,5,94,normal
3247,1,2,6,94,normal
3248,0,2,7,94,normal
3249,0,2,8,94,normal
3250,1,2,0,94,normal
3251,0,2,9,94,normal
3252,0,3,1,94,normal
3253,0,3,2,94,normal
3254,0,3,22,94,normal
3255,0,3,23,94,normal
3256,0,3,3,94,normal
3257,0,3,4,94,normal
3258,0,3,5,94,normal
3259,1,3,6,94,normal
3260,0,3,7,94,normal
3261,0,3,8,94,normal
3262,0,3,0,94,normal
3263,0,3,9,94,normal
3264,0,4,1,94,normal
3265,0,4,2,94,normal
3266,0,4,22,94,normal
3267,0,4,23,94,normal
3268,0,4,3,94,normal
3269,0,4,4,94,normal
3270,0,4,5,94,normal
3271,0,4,6,94,normal
3272,0,4,7,94,normal
3273,0,4,8,94,normal
3274,0,4,0,94,normal
3275,1,4,9,94,normal
3276,0,1,1,95,normal
3277,0,1,2,95,normal
3278,1,1,22,95,normal
3279,1,1,23,95,normal
3280,1,1,3,95,normal
3281,1,1,4,95,normal
3282,1,1,5,95,normal
3283,1,1,6,95,normal
3284,1,1,7,95,normal
3285,1,1,8,95,normal
3286,0,1,0,95,normal
3287,0,1,9,95,normal
3288,0,2,1,95,normal
3289,0,2,2,95,normal
3290,1,2,22,95,normal
3291,1,2,23,95,normal
3292,1,2,3,95,normal
3293,1,2,4,95,normal
3294,1,2,5,95,normal
3295,1,2,6,95,normal
3296,1,2,7,95,normal
3297,0,2,8,95,normal
3298,0,2,0,95,normal
3299,0,2,9,95,normal
3300,0,4,1,95,normal
3301,0,4,2,95,normal
3302,0,4,22,95,normal
3303,1,4,23,95,normal
3304,0,4,3,95,normal
3305,0,4,4,95,normal
3306,1,4,5,95,normal
3307,0,4,6,95,normal
3308,1,4,7,95,normal
3309,0,4,8,95,normal
3310,0,4,0,95,normal
3311,1,4,9,95,normal
3312,1,1,1,96,normal
3313,1,1,2,96,normal
3314,1,1,22,96,normal
3315,1,1,23,96,normal
3316,0,1,3,96,normal
3317,1,1,4,96,normal
3318,1,1,5,96,normal
3319,0,1,6,96,normal
3320,1,1,7,96,normal
3321,1,1,8,96,normal
3322,0,1,0,96,normal
3323,0,1,9,96,normal
3324,1,2,1,96,normal
3325,1,2,2,96,normal
3326,0,2,22,96,normal
3327,1,2,23,96,normal
3328,0,2,3,96,normal
3329,1,2,4,96,normal
3330,1,2,5,96,normal
3331,0,2,6,96,normal
3332,1,2,7,96,normal
3333,0,2,8,96,normal
3334,0,2,0,96,normal
3335,1,2,9,96,normal
3336,0,3,1,96,normal
3337,1,3,2,96,normal
3338,0,3,22,96,normal
3339,0,3,23,96,normal
3340,0,3,3,96,normal
3341,1,3,4,96,normal
3342,1,3,5,96,normal
3343,0,3,6,96,normal
3344,1,3,7,96,normal
3345,0,3,8,96,normal
3346,0,3,0,96,normal
3347,1,3,9,96,normal
3348,1,4,1,96,normal
3349,1,4,2,96,normal
3350,0,4,22,96,normal
3351,1,4,23,96,normal
3352,0,4,3,96,normal
3353,1,4,4,96,normal
3354,1,4,5,96,normal
3355,0,4,6,96,normal
3356,1,4,7,96,normal
3357,0,4,8,96,normal
3358,0,4,0,96,normal
3359,1,4,9,96,normal
3360,0,1,1,97,normal
3361,0,1,2,97,normal
3362,1,1,22,97,normal
3363,1,1,23,97,normal
3364,1,1,3,97,normal
3365,0,1,4,97,normal
3366,1,1,5,97,normal
3367,1,1,6,97,normal
3368,1,1,7,97,normal
3369,1,1,8,97,normal
3370,0,1,0,97,normal
3371,0,1,9,97,normal
3372,0,2,1,97,normal
3373,0,2,2,97,normal
3374,1,2,22,97,normal
3375,0,2,23,97,normal
3376,1,2,3,97,normal
3377,0,2,4,97,normal
3378,1,2,5,97,normal
3379,1,2,6,97,normal
3380,1,2,7,97,normal
3381,0,2,8,97,normal
3382,0,2,0,97,normal
3383,0,2,9,97,normal
3384,0,3,1,97,normal
3385,0,3,2,97,normal
3386,0,3,22,97,normal
3387,0,3,23,97,normal
3388,1,3,3,97,normal
3389,0,3,4,97,normal
3390,1,3,5,97,normal
3391,1,3,6,97,normal
3392,0,3,7,97,normal
3393,0,3,8,97,normal
3394,0,3,0,97,normal
3395,0,3,9,97,normal
3396,0,4,1,97,normal
3397,0,4,2,97,normal
3398,0,4,22,97,normal
3399,0,4,23,97,normal
3400,0,4,3,97,normal
3401,0,4,4,97,normal
3402,0,4,5,97,normal
3403,1,4,6,97,normal
3404,0,4,7,97,normal
3405,0,4,8,97,normal
3406,1,4,0,97,normal
3407,0,4,9,97,normal
3408,1,1,1,98,normal
3409,0,1,2,98,normal
3410,1,1,22,98,normal
3411,1,1,23,98,normal
3412,1,1,3,98,normal
3413,1,1,4,98,normal
3414,1,1,5,98,normal
3415,1,1,6,98,normal
3416,1,1,7,98,normal
3417,1,1,8,98,normal
3418,0,1,0,98,normal
3419,1,1,9,98,normal
3420,1,2,1,98,normal
3421,0,2,2,98,normal
3422,1,2,22,98,normal
3423,1,2,23,98,normal
3424,1,2,3,98,normal
3425,1,2,4,98,normal
3426,1,2,5,98,normal
3427,1,2,6,98,normal
3428,0,2,7,98,normal
3429,1,2,8,98,normal
3430,0,2,0,98,normal
3431,0,2,9,98,normal
3432,0,1,1,99,normal
3433,0,1,2,99,normal
3434,0,1,22,99,normal
3435,0,1,23,99,normal
3436,1,1,3,99,normal
3437,0,1,4,99,normal
3438,1,1,5,99,normal
3439,1,1,6,99,normal
3440,1,1,7,99,normal
3441,1,1,8,99,normal
3442,0,1,0,99,normal
3443,0,1,9,99,normal
3444,0,2,1,99,normal
3445,0,2,2,99,normal
3446,0,2,22,99,normal
3447,0,2,23,99,normal
3448,0,2,3,99,normal
3449,1,2,4,99,normal
3450,1,2,5,99,normal
3451,1,2,6,99,normal
3452,1,2,7,99,normal
3453,1,2,8,99,normal
3454,1,2,0,99,normal
3455,0,2,9,99,normal
3480,0,1,1,101,normal
3481,1,1,2,101,normal
3482,0,1,22,101,normal
3483,0,1,23,101,normal
3484,1,1,3,101,normal
3485,1,1,4,101,normal
3486,0,1,5,101,normal
3487,1,1,6,101,normal
3488,0,1,7,101,normal
3489,1,1,8,101,normal
3490,1,1,0,101,normal
3491,0,1,9,101,normal
3492,0,1,1,102,normal
3493,1,1,2,102,normal
3494,0,1,22,102,normal
3495,0,1,23,102,normal
3496,1,1,3,102,normal
3497,1,1,4,102,normal
3498,1,1,5,102,normal
3499,1,1,6,102,normal
3500,1,1,7,102,normal
3501,1,1,8,102,normal
3502,0,1,0,102,normal
3503,0,1,9,102,normal
3504,0,2,1,102,normal
3505,1,2,2,102,normal
3506,0,2,22,102,normal
3507,0,2,23,102,normal
3508,1,2,3,102,normal
3509,1,2,4,102,normal
3510,1,2,5,102,normal
3511,1,2,6,102,normal
3512,1,2,7,102,normal
3513,1,2,8,102,normal
3514,0,2,0,102,normal
3515,0,2,9,102,normal
3516,0,3,1,102,normal
3517,0,3,2,102,normal
3518,0,3,22,102,normal
3519,0,3,23,102,normal
3520,0,3,3,102,normal
3521,1,3,4,102,normal
3522,1,3,5,102,normal
3523,1,3,6,102,normal
3524,1,3,7,102,normal
3525,1,3,8,102,normal
3526,0,3,0,102,normal
3527,0,3,9,102,normal
3528,0,4,1,102,normal
3529,0,4,2,102,normal
3530,0,4,22,102,normal
3531,0,4,23,102,normal
3532,0,4,3,102,normal
3533,1,4,4,102,normal
3534,1,4,5,102,normal
3535,1,4,6,102,normal
3536,1,4,7,102,normal
3537,1,4,8,102,normal
3538,0,4,0,102,normal
3539,0,4,9,102,normal
3540,0,1,1,103,normal
3541,1,1,2,103,normal
3542,0,1,22,103,normal
3543,0,1,23,103,normal
3544,1,1,3,103,normal
3545,1,1,4,103,normal
3546,1,1,5,103,normal
3547,1,1,6,103,normal
3548,1,1,7,103,normal
3549,1,1,8,103,normal
3550,0,1,0,103,normal
3551,0,1,9,103,normal
3552,1,2,1,103,normal
3553,0,2,2,103,normal
3554,1,2,22,103,normal
3555,1,2,23,103,normal
3556,1,2,3,103,normal
3557,1,2,4,103,normal
3558,1,2,5,103,normal
3559,1,2,6,103,normal
3560,1,2,7,103,normal
3561,1,2,8,103,normal
3562,0,2,0,103,normal
3563,0,2,9,103,normal
3564,0,3,1,103,normal
3565,0,3,2,103,normal
3566,0,3,22,103,normal
3567,1,3,23,103,normal
3568,1,3,3,103,normal
3569,1,3,4,103,normal
3570,1,3,5,103,normal
3571,1,3,6,103,normal
3572,1,3,7,103,normal
3573,1,3,8,103,normal
3574,0,3,0,103,normal
3575,0,3,9,103,normal
3576,0,1,1,104,normal
3577,0,1,2,104,normal
3578,0,1,22,104,normal
3579,0,1,23,104,normal
3580,1,1,3,104,normal
3581,1,1,4,104,normal
3582,1,1,5,104,normal
3583,0,1,6,104,normal
3584,1,1,7,104,normal
3585,0,1,8,104,normal
3586,0,1,0,104,normal
3587,0,1,9,104,normal
3588,0,2,1,104,normal
3589,0,2,2,104,normal
3590,0,2,22,104,normal
3591,0,2,23,104,normal
3592,0,2,3,104,normal
3593,1,2,4,104,normal
3594,1,2,5,104,normal
3595,0,2,6,104,normal
3596,0,2,7,104,normal
3597,0,2,8,104,normal
3598,0,2,0,104,normal
3599,1,2,9,104,normal
3600,0,1,1,105,normal
3601,1,1,2,105,normal
3602,0,1,22,105,normal
3603,0,1,23,105,normal
3604,1,1,3,105,normal
3605,0,1,4,105,normal
3606,1,1,5,105,normal
3607,1,1,6,105,normal
3608,1,1,7,105,normal
3609,1,1,8,105,normal
3610,0,1,0,105,normal
3611,0,1,9,105,normal
3612,0,2,1,105,normal
3613,1,2,2,105,normal
3614,0,2,22,105,normal
3615,1,2,23,105,normal
3616,1,2,3,105,normal
3617,0,2,4,105,normal
3618,1,2,5,105,normal
3619,1,2,6,105,normal
3620,1,2,7,105,normal
3621,0,2,8,105,normal
3622,0,2,0,105,normal
3623,0,2,9,105,normal
3624,0,4,1,105,normal
3625,0,4,2,105,normal
3626,0,4,22,105,normal
3627,0,4,23,105,normal
3628,0,4,3,105,normal
3629,0,4,4,105,normal
3630,1,4,5,105,normal
3631,0,4,6,105,normal
3632,1,4,7,105,normal
3633,0,4,8,105,normal
3634,0,4,0,105,normal
3635,0,4,9,105,normal
3636,0,1,1,106,normal
3637,0,1,2,106,normal
3638,0,1,22,106,normal
3639,0,1,23,106,normal
3640,1,1,3,106,normal
3641,0,1,4,106,normal
3642,1,1,5,106,normal
3643,1,1,6,106,normal
3644,1,1,7,106,normal
3645,1,1,8,106,normal
3646,0,1,0,106,normal
3647,0,1,9,106,normal
3648,1,2,1,106,normal
3649,0,2,2,106,normal
3650,1,2,22,106,normal
3651,1,2,23,106,normal
3652,0,2,3,106,normal
3653,0,2,4,106,normal
3654,1,2,5,106,normal
3655,1,2,6,106,normal
3656,1,2,7,106,normal
3657,1,2,8,106,normal
3658,0,2,0,106,normal
3659,0,2,9,106,normal
3660,1,3,1,106,normal
3661,0,3,2,106,normal
3662,1,3,22,106,normal
3663,1,3,23,106,normal
3664,0,3,3,106,normal
3665,0,3,4,106,normal
3666,1,3,5,106,normal
3667,1,3,6,106,normal
3668,1,3,7,106,normal
3669,1,3,8,106,normal
3670,0,3,0,106,normal
3671,1,3,9,106,normal
3672,0,4,1,106,normal
3673,0,4,2,106,normal
3674,0,4,22,106,normal
3675,1,4,23,106,normal
3676,0,4,3,106,normal
3677,0,4,4,106,normal
3678,1,4,5,106,normal
3679,1,4,6,106,normal
3680,1,4,7,106,normal
3681,1,4,8,106,normal
3682,0,4,0,106,normal
3683,0,4,9,106,normal
3684,0,1,1,107,normal
3685,0,1,2,107,normal
3686,0,1,22,107,normal
3687,0,1,23,107,normal
3688,1,1,3,107,normal
3689,1,1,4,107,normal
3690,1,1,5,107,normal
3691,1,1,6,107,normal
3692,1,1,7,107,normal
3693,1,1,8,107,normal
3694,0,1,0,107,normal
3695,0,1,9,107,normal
3696,0,2,1,107,normal
3697,0,2,2,107,normal
3698,1,2,22,107,normal
3699,0,2,23,107,normal
3700,1,2,3,107,normal
3701,1,2,4,107,normal
3702,1,2,5,107,normal
3703,1,2,6,107,normal
3704,0,2,7,107,normal
3705,1,2,8,107,normal
3706,0,2,0,107,normal
3707,0,2,9,107,normal
3708,0,4,1,107,normal
3709,0,4,2,107,normal
3710,1,4,22,107,normal
3711,0,4,23,107,normal
3712,1,4,3,107,normal
3713,1,4,4,107,normal
3714,1,4,5,107,normal
3715,1,4,6,107,normal
3716,0,4,7,107,normal
3717,1,4,8,107,normal
3718,0,4,0,107,normal
3719,0,4,9,107,normal
3720,0,1,1,108,normal
3721,1,1,2,108,normal
3722,0,1,22,108,normal
3723,0,1,23,108,normal
3724,1,1,3,108,normal
3725,0,1,4,108,normal
3726,1,1,5,108,normal
3727,1,1,6,108,normal
3728,1,1,7,108,normal
3729,1,1,8,108,normal
3730,0,1,0,108,normal
3731,0,1,9,108,normal
3732,1,2,1,108,normal
3733,0,2,2,108,normal
3734,0,2,22,108,normal
3735,0,2,23,108,normal
3736,1,2,3,108,normal
3737,1,2,4,108,normal
3738,1,2,5,108,normal
3739,0,2,6,108,normal
3740,1,2,7,108,normal
3741,0,2,8,108,normal
3742,0,2,0,108,normal
3743,1,2,9,108,normal
3744,0,3,1,108,normal
3745,0,3,2,108,normal
3746,0,3,22,108,normal
3747,0,3,23,108,normal
3748,0,3,3,108,normal
3749,1,3,4,108,normal
3750,1,3,5,108,normal
3751,1,3,6,108,normal
3752,1,3,7,108,normal
3753,0,3,8,108,normal
3754,0,3,0,108,normal
3755,1,3,9,108,normal
3756,1,1,1,109,normal
3757,0,1,2,109,normal
3758,0,1,22,109,normal
3759,0,1,23,109,normal
3760,1,1,3,109,normal
3761,1,1,4,109,normal
3762,1,1,5,109,normal
3763,1,1,6,109,normal
3764,0,1,7,109,normal
3765,1,1,8,109,normal
3766,0,1,0,109,normal
3767,0,1,9,109,normal
3768,0,1,1,110,normal
3769,0,1,2,110,normal
3770,0,1,22,110,normal
3771,0,1,23,110,normal
3772,1,1,3,110,normal
3773,1,1,4,110,normal
3774,1,1,5,110,normal
3775,1,1,6,110,normal
3776,1,1,7,110,normal
3777,1,1,8,110,normal
3778,0,1,0,110,normal
3779,0,1,9,110,normal
3780,0,2,1,110,normal
3781,0,2,2,110,normal
3782,0,2,22,110,normal
3783,0,2,23,110,normal
3784,1,2,3,110,normal
3785,1,2,4,110,normal
3786,1,2,5,110,normal
3787,0,2,6,110,normal
3788,1,2,7,110,normal
3789,1,2,8,110,normal
3790,0,2,0,110,normal
3791,1,2,9,110,normal
3792,0,3,1,110,normal
3793,0,3,2,110,normal
3794,0,3,22,110,normal
3795,0,3,23,110,normal
3796,0,3,3,110,normal
3797,0,3,4,110,normal
3798,0,3,5,110,normal
3799,0,3,6,110,normal
3800,0,3,7,110,normal
3801,0,3,8,110,normal
3802,1,3,0,110,normal
3803,0,3,9,110,normal
3804,0,4,1,110,normal
3805,0,4,2,110,normal
3806,0,4,22,110,normal
3807,0,4,23,110,normal
3808,0,4,3,110,normal
3809,0,4,4,110,normal
3810,1,4,5,110,normal
3811,0,4,6,110,normal
3812,0,4,7,110,normal
3813,1,4,8,110,normal
3814,0,4,0,110,normal
3815,1,4,9,110,normal
3816,0,1,1,111,normal
3817,1,1,2,111,normal
3818,0,1,22,111,normal
3819,0,1,23,111,normal
3820,1,1,3,111,normal
3821,1,1,4,111,normal
3822,1,1,5,111,normal
3823,1,1,6,111,normal
3824,0,1,7,111,normal
3825,1,1,8,111,normal
3826,0,1,0,111,normal
3827,0,1,9,111,normal
3828,0,2,1,111,normal
3829,1,2,2,111,normal
3830,0,2,22,111,normal
3831,0,2,23,111,normal
3832,0,2,3,111,normal
3833,1,2,4,111,normal
3834,1,2,5,111,normal
3835,1,2,6,111,normal
3836,1,2,7,111,normal
3837,1,2,8,111,normal
3838,0,2,0,111,normal
3839,0,2,9,111,normal
3840,1,1,1,112,normal
3841,0,1,2,112,normal
3842,0,1,22,112,normal
3843,0,1,23,112,normal
3844,1,1,3,112,normal
3845,1,1,4,112,normal
3846,1,1,5,112,normal
3847,1,1,6,112,normal
3848,1,1,7,112,normal
3849,1,1,8,112,normal
3850,0,1,0,112,normal
3851,0,1,9,112,normal
3852,0,2,1,112,normal
3853,0,2,2,112,normal
3854,0,2,22,112,normal
3855,0,2,23,112,normal
3856,0,2,3,112,normal
3857,1,2,4,112,normal
3858,1,2,5,112,normal
3859,1,2,6,112,normal
3860,0,2,7,112,normal
3861,0,2,8,112,normal
3862,0,2,0,112,normal
3863,0,2,9,112,normal
3864,0,3,1,112,normal
3865,0,3,2,112,normal
3866,0,3,22,112,normal
3867,0,3,23,112,normal
3868,0,3,3,112,normal
3869,0,3,4,112,normal
3870,1,3,5,112,normal
3871,0,3,6,112,normal
3872,0,3,7,112,normal
3873,0,3,8,112,normal
3874,0,3,0,112,normal
3875,0,3,9,112,normal
3876,0,1,1,113,normal
3877,1,1,2,113,normal
3878,0,1,22,113,normal
3879,0,1,23,113,normal
3880,0,1,3,113,normal
3881,0,1,4,113,normal
3882,1,1,5,113,normal
3883,1,1,6,113,normal
3884,1,1,7,113,normal
3885,1,1,8,113,normal
3886,0,1,0,113,normal
3887,0,1,9,113,normal
3888,1,2,1,113,normal
3889,0,2,2,113,normal
3890,0,2,22,113,normal
3891,1,2,23,113,normal
3892,0,2,3,113,normal
3893,0,2,4,113,normal
3894,1,2,5,113,normal
3895,1,2,6,113,normal
3896,1,2,7,113,normal
3897,1,2,8,113,normal
3898,0,2,0,113,normal
3899,0,2,9,113,normal
3900,0,3,1,113,normal
3901,0,3,2,113,normal
3902,1,3,22,113,normal
3903,1,3,23,113,normal
3904,0,3,3,113,normal
3905,1,3,4,113,normal
3906,1,3,5,113,normal
3907,1,3,6,113,normal
3908,1,3,7,113,normal
3909,0,3,8,113,normal
3910,0,3,0,113,normal
3911,0,3,9,113,normal
3912,0,4,1,113,normal
3913,0,4,2,113,normal
3914,1,4,22,113,normal
3915,1,4,23,113,normal
3916,0,4,3,113,normal
3917,1,4,4,113,normal
3918,1,4,5,113,normal
3919,1,4,6,113,normal
3920,1,4,7,113,normal
3921,1,4,8,113,normal
3922,0,4,0,113,normal
3923,0,4,9,113,normal
3924,0,1,1,114,normal
3925,0,1,2,114,normal
3926,0,1,22,114,normal
3927,0,1,23,114,normal
3928,1,1,3,114,normal
3929,1,1,4,114,normal
3930,1,1,5,114,normal
3931,1,1,6,114,normal
3932,0,1,7,114,normal
3933,1,1,8,114,normal
3934,0,1,0,114,normal
3935,0,1,9,114,normal
3936,1,2,1,114,normal
3937,0,2,2,114,normal
3938,1,2,22,114,normal
3939,0,2,23,114,normal
3940,1,2,3,114,normal
3941,1,2,4,114,normal
3942,1,2,5,114,normal
3943,1,2,6,114,normal
3944,0,2,7,114,normal
3945,1,2,8,114,normal
3946,0,2,0,114,normal
3947,0,2,9,114,normal
3948,1,3,1,114,normal
3949,1,3,2,114,normal
3950,1,3,22,114,normal
3951,0,3,23,114,normal
3952,0,3,3,114,normal
3953,1,3,4,114,normal
3954,1,3,5,114,normal
3955,1,3,6,114,normal
3956,0,3,7,114,normal
3957,1,3,8,114,normal
3958,0,3,0,114,normal
3959,0,3,9,114,normal
3960,0,1,1,115,normal
3961,1,1,2,115,normal
3962,0,1,22,115,normal
3963,0,1,23,115,normal
3964,1,1,3,115,normal
3965,0,1,4,115,normal
3966,0,1,5,115,normal
3967,1,1,6,115,normal
3968,1,1,7,115,normal
3969,1,1,8,115,normal
3970,0,1,0,115,normal
3971,0,1,9,115,normal
3972,1,2,1,115,normal
3973,0,2,2,115,normal
3974,1,2,22,115,normal
3975,0,2,23,115,normal
3976,0,2,3,115,normal
3977,0,2,4,115,normal
3978,1,2,5,115,normal
3979,0,2,6,115,normal
3980,0,2,7,115,normal
3981,0,2,8,115,normal
3982,0,2,0,115,normal
3983,0,2,9,115,normal
3984,0,1,1,116,normal
3985,1,1,2,116,normal
3986,0,1,22,116,normal
3987,0,1,23,116,normal
3988,1,1,3,116,normal
3989,1,1,4,116,normal
3990,1,1,5,116,normal
3991,1,1,6,116,normal
3992,1,1,7,116,normal
3993,1,1,8,116,normal
3994,0,1,0,116,normal
3995,0,1,9,116,normal
3996,1,1,1,117,normal
3997,0,1,2,117,normal
3998,0,1,22,117,normal
3999,0,1,23,117,normal
4000,0,1,3,117,normal
4001,1,1,4,117,normal
4002,1,1,5,117,normal
4003,1,1,6,117,normal
4004,1,1,7,117,normal
4005,1,1,8,117,normal
4006,0,1,0,117,normal
4007,0,1,9,117,normal
4008,1,2,1,117,normal
4009,0,2,2,117,normal
4010,1,2,22,117,normal
4011,0,2,23,117,normal
4012,0,2,3,117,normal
4013,1,2,4,117,normal
4014,1,2,5,117,normal
4015,1,2,6,117,normal
4016,1,2,7,117,normal
4017,1,2,8,117,normal
4018,0,2,0,117,normal
4019,0,2,9,117,normal
4020,0,3,1,117,normal
4021,0,3,2,117,normal
4022,0,3,22,117,normal
4023,0,3,23,117,normal
4024,0,3,3,117,normal
4025,1,3,4,117,normal
4026,1,3,5,117,normal
4027,1,3,6,117,normal
4028,1,3,7,117,normal
4029,1,3,8,117,normal
4030,0,3,0,117,normal
4031,0,3,9,117,normal
4032,0,4,1,117,normal
4033,0,4,2,117,normal
4034,0,4,22,117,normal
4035,0,4,23,117,normal
4036,0,4,3,117,normal
4037,1,4,4,117,normal
4038,1,4,5,117,normal
4039,0,4,6,117,normal
4040,1,4,7,117,normal
4041,1,4,8,117,normal
4042,0,4,0,117,normal
4043,0,4,9,117,normal
